Combined,AJDEM,ADJOE,ADJDE,,D1,AJDEM,ADJOE,ADJDE,,D2,AJDEM,ADJOE,ADJDE,,D3,AJDEM,ADJOE,ADJDE
Auburn,1.0233,1.7586,0.7353,,Auburn,0.9949,1.7454,0.7505,,Colo. Sch. of Mines,0.5395,1.5168,0.9773,,Connecticut Col.,0.6953,1.472,0.7767
Houston,0.7857,1.4796,0.6939,,Houston,0.7636,1.4711,0.7075,,Lubbock Christian,0.4895,1.3764,0.8869,,TCNJ,0.539,1.4188,0.8798
Tennessee,0.7507,1.5145,0.7638,,Iowa St.,0.6807,1.3565,0.6758,,Daemen,0.4243,1.2507,0.8264,,Va. Wesleyan,0.4766,1.1208,0.6442
Iowa St.,0.7015,1.3728,0.6713,,Dayton,0.6557,1.6514,0.9957,,Minn. Duluth,0.3982,1.3022,0.904,,Mary Washington,0.4219,1.3749,0.953
Gonzaga,0.6845,1.5451,0.8606,,Tennessee,0.6363,1.4747,0.8384,,Washburn,0.3938,1.3748,0.981,,Roanoke,0.4064,1.3063,0.8999
Dayton,0.6412,1.6207,0.9795,,Duke,0.5605,1.3359,0.7754,,Coker,0.3846,1.5011,1.1165,,Ferrum,0.4059,1.3452,0.9393
Illinois,0.634,1.4343,0.8003,,Texas Tech,0.547,1.4352,0.8882,,Lake Erie,0.3663,1.3475,0.9812,,Loras,0.3954,1.3946,0.9992
Duke,0.6208,1.3798,0.759,,Kansas,0.5154,1.3882,0.8728,,Drury,0.3488,1.2137,0.8649,,Ursinus,0.3713,1.5068,1.1355
Kansas,0.6047,1.4306,0.8259,,Gonzaga,0.5085,1.428,0.9195,,Grand Valley St.,0.3459,1.2623,0.9164,,Drew,0.3661,1.2689,0.9028
Texas Tech,0.5423,1.4257,0.8834,,North Carolina,0.4749,1.3998,0.9249,,Valdosta St.,0.345,1.2754,0.9304,,Trinity (CT),0.3659,1.1424,0.7765
North Carolina,0.5298,1.4302,0.9004,,Mississippi St.,0.4718,1.3773,0.9055,,Lee,0.3339,1.5911,1.2572,,Trine,0.3654,1.263,0.8976
BYU,0.513,1.4774,0.9644,,Kentucky,0.4449,1.2917,0.8468,,CSU Pueblo,0.3246,1.1654,0.8408,,Wesleyan (CT),0.363,1.1423,0.7793
Mississippi St.,0.5129,1.3953,0.8824,,Florida,0.4318,1.4018,0.97,,Rogers St.,0.3032,1.3538,1.0506,,Amherst,0.3615,1.2277,0.8662
Marquette,0.5119,1.3728,0.8609,,VCU,0.4199,1.2708,0.8509,,Fairmont St.,0.2975,1.429,1.1315,,WPI,0.3525,1.1504,0.7979
Louisville,0.5116,1.2523,0.7407,,Marquette,0.4168,1.3189,0.9021,,Seton Hill,0.2945,1.0593,0.7648,,Chris. Newport,0.3434,1.3257,0.9823
Maryland,0.5023,1.3252,0.8229,,Pittsburgh,0.4158,1.3018,0.886,,Millersville,0.2935,1.3576,1.0641,,Pomona-Pitzer,0.34,1.433,1.093
Penn St.,0.5014,1.4148,0.9134,,Michigan,0.4127,1.2831,0.8704,,Bentley,0.2766,1.2779,1.0013,,Ohio Northern,0.3328,1.2639,0.9311
Kentucky,0.4976,1.326,0.8284,,Penn St.,0.4075,1.3631,0.9556,,Nova Southeastern,0.2676,1.2352,0.9676,,CWRU,0.3306,1.3413,1.0107
Utah,0.4966,1.3934,0.8968,,Louisville,0.4065,1.2075,0.801,,Columbus St.,0.2663,1.1114,0.8451,,Stevens,0.3293,1.3324,1.0031
Ohio St.,0.491,1.3828,0.8918,,Maryland,0.3974,1.2662,0.8688,,Vanguard,0.266,1.2244,0.9584,,Hamilton,0.3289,1.2723,0.9434
UTEP,0.4899,1.3345,0.8446,,Oklahoma,0.391,1.363,0.972,,Findlay,0.2575,1.3337,1.0762,,Marywood,0.3279,1.3467,1.0188
Michigan St.,0.4867,1.3276,0.8409,,West Virginia,0.3853,1.232,0.8467,,DBU,0.2414,1.1297,0.8883,,Me.-Farmington,0.3243,1.0912,0.7669
Pittsburgh,0.4769,1.3222,0.8453,,UIC,0.3842,1.3119,0.9277,,Westminster (UT),0.234,1.1094,0.8754,,Wooster,0.3216,1.1949,0.8733
TCNJ,0.468,1.3833,0.9153,,Arizona,0.3806,1.2927,0.9121,,Pace,0.2314,1.0222,0.7908,,UC Santa Cruz,0.3006,1.2282,0.9276
Arizona,0.4557,1.3401,0.8844,,Illinois,0.3759,1.2216,0.8457,,East Stroudsburg,0.2311,1.1359,0.9048,,WashU,0.2991,1.2109,0.9118
Murray St.,0.4535,1.3826,0.9291,,Alabama,0.375,1.3143,0.9393,,St. Mary's (TX),0.2239,1.1176,0.8937,,Ramapo,0.2941,1.197,0.9029
Utah St.,0.4518,1.2566,0.8048,,Northwestern,0.372,1.1858,0.8138,,Lenoir-Rhyne,0.2237,1.2631,1.0394,,Gwynedd Mercy,0.2939,1.2857,0.9918
Florida,0.4495,1.401,0.9515,,Purdue,0.37,1.3139,0.9439,,Winona St.,0.2233,1.1766,0.9533,,Bowdoin,0.2909,1.1405,0.8496
Alabama,0.449,1.3557,0.9067,,Ole Miss,0.3661,1.242,0.8759,,Lynn,0.2207,1.0939,0.8732,,NYU,0.2894,1.2295,0.9401
VCU,0.4461,1.2975,0.8514,,Utah St.,0.3633,1.2209,0.8576,,Mont. St. Billings,0.2183,1.1375,0.9192,,Wilkes,0.2871,1.1493,0.8622
Daemen,0.4444,1.3485,0.9041,,Rhode Island,0.3628,1.1463,0.7835,,Lewis,0.2003,1.452,1.2517,,Hanover,0.2838,1.3793,1.0955
Oklahoma,0.4438,1.391,0.9472,,Butler,0.3564,1.2803,0.9239,,Lincoln Memorial,0.1949,1.283,1.0881,,Brandeis,0.2748,1.2183,0.9435
West Virginia,0.4428,1.2727,0.8299,,BYU,0.3545,1.3391,0.9846,,Upper Iowa,0.1942,1.0559,0.8617,,St. Joseph's (ME),0.2691,1.249,0.9799
Purdue,0.4417,1.3519,0.9102,,Nevada,0.3534,1.3404,0.987,,MSU Denver,0.192,1.2312,1.0392,,Denison,0.2688,1.162,0.8932
Indiana,0.4373,1.368,0.9307,,Cincinnati,0.3531,1.3342,0.9811,,Northern Mich.,0.1914,1.1548,0.9634,,Middlebury,0.2677,1.2559,0.9882
Samford,0.4322,1.3175,0.8853,,UCLA,0.3493,1.1168,0.7675,,Alabama Huntsville,0.1904,1.2455,1.0551,,SUNY New Paltz,0.2661,1.3076,1.0415
Michigan,0.4253,1.2942,0.8689,,Clemson,0.3338,1.1703,0.8365,,MSU Moorhead,0.1841,1.202,1.0179,,Lewis & Clark,0.2591,0.9781,0.719
Clemson,0.4176,1.2029,0.7853,,Ohio St.,0.3332,1.2514,0.9182,,Assumption,0.1765,1.0835,0.907,,Rutgers-Newark,0.2583,1.156,0.8977
UC Santa Barbara,0.4115,1.3156,0.9041,,TCU,0.333,1.1969,0.8639,,Southwest Minn. St.,0.1735,1.1912,1.0177,,Catholic,0.2572,1.3655,1.1083
Colo. Sch. of Mines,0.4115,1.4275,1.016,,Boise St.,0.3297,1.3249,0.9952,,St. Cloud St.,0.1724,1.1887,1.0163,,Averett,0.2571,1.2143,0.9572
Ole Miss,0.4098,1.2688,0.859,,Michigan St.,0.3289,1.2108,0.8819,,Hillsdale,0.1721,1.2574,1.0853,,Marietta,0.2531,1.3593,1.1062
Rhode Island,0.4094,1.1758,0.7664,,Iowa,0.3215,1.1448,0.8233,,Malone,0.1717,1.3767,1.205,,Oswego St.,0.251,1.2032,0.9522
Oregon,0.4028,1.2951,0.8923,,Utah,0.3209,1.2402,0.9193,,Charleston (WV),0.1708,1.3771,1.2063,,UChicago,0.2495,1.1688,0.9193
Boise St.,0.4,1.3656,0.9656,,UConn,0.3161,1.1902,0.8741,,Concordia-St. Paul,0.1604,1.2084,1.048,,Wis.-La Crosse,0.2494,1.1804,0.931
Drake,0.3938,1.2079,0.8141,,Georgia,0.3069,1.2793,0.9724,,Michigan Tech,0.1597,1.119,0.9593,,Scranton,0.2487,1.0418,0.7931
Va. Wesleyan,0.3932,1.0813,0.6881,,Memphis,0.3006,1.2343,0.9337,,Caldwell,0.159,1.169,1.01,,Montclair St.,0.247,1.2941,1.0471
Arkansas,0.3897,1.254,0.8643,,UC Irvine,0.2978,1.2001,0.9023,,Miles,0.1583,1.1323,0.974,,Wis.-Stevens Point,0.2468,1.0564,0.8096
UIC,0.3877,1.2764,0.8887,,San Diego St.,0.2958,1.2065,0.9107,,Dominican (NY),0.1534,0.8458,0.6924,,Wis.-Platteville,0.2459,1.264,1.0181
Butler,0.3838,1.2835,0.8997,,St. John's (NY),0.2849,1.2241,0.9392,,Rockhurst,0.151,1.1151,0.9641,,Colby,0.2397,1.291,1.0513
Lubbock Christian,0.3832,1.3372,0.954,,Arkansas,0.2844,1.1956,0.9112,,Tampa,0.1479,1.1501,1.0022,,Schreiner,0.2337,1.0706,0.8369
Davidson,0.3795,1.3612,0.9817,,Drake,0.2694,1.1579,0.8885,,Western Wash.,0.1445,1.1985,1.054,,Keene St.,0.231,1.1362,0.9052
Nevada,0.3781,1.3651,0.987,,North Texas,0.2688,1.14,0.8712,,St. Edward's,0.1426,1.1123,0.9697,,DeSales,0.2289,1.3418,1.1129
Northwestern,0.3763,1.1952,0.8189,,LSU,0.265,1.1264,0.8614,,Palm Beach Atl.,0.1374,1.0329,0.8955,,Ill. Wesleyan,0.2278,1.145,0.9172
La Salle,0.3757,1.2816,0.9059,,Colorado,0.2634,1.233,0.9696,,Biola,0.1361,1.0828,0.9467,,Emory,0.2249,1.1367,0.9118
Minn. Duluth,0.3668,1.2673,0.9005,,San Francisco,0.2609,1.1646,0.9037,,Midwestern St.,0.1349,1.118,0.9831,,Guilford,0.2202,1.3019,1.0817
NC State,0.3607,1.1966,0.8359,,Florida St.,0.2585,1.0856,0.8271,,Young Harris,0.134,1.0675,0.9335,,Rivier,0.2152,1.2821,1.0669
UC Irvine,0.3594,1.3227,0.9633,,Wyoming,0.2517,1.2105,0.9588,,Lake Superior St.,0.1332,1.0774,0.9442,,Randolph,0.2142,1.1584,0.9442
UCLA,0.3593,1.1201,0.7608,,Bradley,0.2514,1.3551,1.1037,,Ill. Springfield,0.1331,1.1971,1.064,,Cal Lutheran,0.2112,1.1522,0.941
Loras,0.3537,1.4001,1.0464,,Murray St.,0.2475,1.2594,1.0119,,Ashland,0.1318,1.0694,0.9376,,Chapman,0.2105,1.2002,0.9897
Valdosta St.,0.3521,1.1902,0.8381,,Colorado St.,0.2453,1.2674,1.0221,,Missouri Western,0.1257,1.1449,1.0192,,Dubuque,0.2096,1.2208,1.0112
Iowa,0.352,1.174,0.822,,Oregon St.,0.2389,1.2533,1.0144,,Adelphi,0.1256,1.1097,0.9841,,Mount Union,0.2093,1.2494,1.0401
Abilene Christian,0.352,1.3331,0.9811,,New Mexico,0.238,1.2217,0.9837,,Black Hills St.,0.1254,1.0877,0.9623,,Williams,0.208,1.0597,0.8517
ETSU,0.3516,1.19,0.8384,,UNLV,0.238,1.1738,0.9358,,Central Mo.,0.124,1.1837,1.0597,,Tufts,0.2066,1.1651,0.9585
TCU,0.3461,1.2065,0.8604,,SMU,0.2358,1.1852,0.9494,,Lincoln (PA),0.1239,1.1653,1.0414,,Dean,0.2009,0.9858,0.7849
San Francisco,0.3449,1.2158,0.8709,,Liberty,0.2352,1.1908,0.9556,,Regis (CO),0.1212,1.3881,1.2669,,New Jersey City,0.1979,1.042,0.8441
Memphis,0.3439,1.2565,0.9126,,Villanova,0.2345,1.2581,1.0236,,St. Anselm,0.1205,1.1242,1.0037,,Rensselaer,0.1977,1.0313,0.8336
Cincinnati,0.3413,1.329,0.9877,,UC Santa Barbara,0.2331,1.2168,0.9837,,Cal Poly Pomona,0.1187,1.072,0.9533,,Roger Williams,0.1973,1.3578,1.1605
Bradley,0.3388,1.3673,1.0285,,Washington St.,0.232,1.1793,0.9473,,CUI,0.1183,1.1123,0.994,,Susquehanna,0.196,1.1582,0.9622
UConn,0.3378,1.2008,0.863,,Oregon,0.229,1.2449,1.0159,,Okla. Baptist,0.1175,1.0501,0.9326,,Albright,0.1901,1.0118,0.8217
James Madison,0.326,1.367,1.041,,James Madison,0.2211,1.2962,1.0751,,West Liberty,0.1175,1.1194,1.0019,,Widener,0.1879,1.0248,0.8369
Grand Valley St.,0.3195,1.2857,0.9662,,Oklahoma St.,0.2208,1.248,1.0272,,Ouachita Baptist,0.1175,1.073,0.9555,,Wis. Lutheran,0.1876,1.1468,0.9592
Florida St.,0.3166,1.1035,0.7869,,NC State,0.2125,1.1007,0.8882,,UT Tyler,0.1169,0.9227,0.8058,,Hampden-Sydney,0.187,1.2247,1.0377
Texas St.,0.3142,1.1603,0.8461,,Yale,0.2095,1.2697,1.0602,,Ky. Wesleyan,0.114,1.271,1.157,,Russell Sage,0.1869,1.1353,0.9484
Temple,0.313,1.4496,1.1366,,George Mason,0.2094,1.1573,0.9479,,Missouri S&T,0.1123,1.3579,1.2456,,Belhaven,0.1848,1.1984,1.0136
North Ala.,0.3103,1.2479,0.9376,,Vanderbilt,0.2046,1.2443,1.0397,,Tuskegee,0.1114,1.2064,1.095,,N.C. Wesleyan,0.1816,1.1688,0.9872
UC San Diego,0.3103,1.1669,0.8566,,La Salle,0.1992,1.1617,0.9625,,Southern Nazarene,0.1111,0.9682,0.8571,,Farmingdale St.,0.1791,1.0696,0.8905
North Texas,0.31,1.1958,0.8858,,St. Bonaventure,0.1985,1.0867,0.8882,,Hawaii Hilo,0.1107,1.048,0.9373,,Hamline,0.1737,1.2296,1.0559
Jacksonville St.,0.3068,1.2634,0.9566,,Wake Forest,0.1964,1.0441,0.8477,,Saint Martin's,0.1081,1.0824,0.9743,,Rochester (NY),0.1711,1.1211,0.95
St. John's (NY),0.3062,1.2343,0.9281,,Texas A&M,0.1949,1.1022,0.9073,,Felician,0.1071,1.1008,0.9937,,Southern Me.,0.1705,0.9912,0.8207
LSU,0.304,1.1524,0.8484,,Temple,0.1919,1.3672,1.1753,,William Jewell,0.1068,1.2463,1.1395,,Rockford,0.1645,1.0553,0.8908
Georgia,0.3032,1.27,0.9668,,North Ala.,0.1887,1.1485,0.9598,,Bluefield St.,0.1028,1.2298,1.127,,Manhattanville,0.1619,1.4104,1.2485
Ursinus,0.3025,1.4701,1.1676,,Saint Joseph's,0.1874,1.1821,0.9947,,Rollins,0.102,1.3049,1.2029,,Franklin & Marshall,0.1595,1.0063,0.8468
Virginia,0.3012,1.2268,0.9256,,Grand Canyon,0.1841,1.2958,1.1117,,Mount Olive,0.1018,1.2107,1.1089,,MSOE,0.159,1.2171,1.0581
Notre Dame,0.2948,1.2696,0.9748,,Arizona St.,0.183,1.0896,0.9066,,North Georgia,0.1014,1.0971,0.9957,,John Jay,0.1581,1.0349,0.8768
Colorado,0.2946,1.2434,0.9488,,Notre Dame,0.1793,1.2056,1.0263,,Concord,0.099,1.0605,0.9615,,Manchester,0.1569,1.1124,0.9555
Queens (NC),0.2943,1.088,0.7937,,Rutgers,0.1786,1.2177,1.0391,,Anderson (SC),0.0974,1.061,0.9636,,Albion,0.1567,1.2022,1.0455
Villanova,0.2914,1.2841,0.9927,,South Dakota St.,0.1755,1.1264,0.9509,,Livingstone,0.0915,0.8904,0.7989,,Redlands,0.1564,1.1318,0.9754
San Diego St.,0.2914,1.2222,0.9308,,Indiana,0.1749,1.1713,0.9964,,CSUSB,0.0912,1.0845,0.9933,,Ozarks (AR),0.1535,1.0605,0.907
UNLV,0.2911,1.2131,0.922,,Minnesota,0.1692,1.0406,0.8714,,Holy Family,0.0905,0.9509,0.8604,,Wash. & Jeff.,0.1488,0.9635,0.8147
South Dakota St.,0.291,1.2201,0.9291,,UC San Diego,0.1661,1.1557,0.9896,,Harding,0.0904,1.2264,1.136,,Kalamazoo,0.1472,1.2312,1.084
Utah Valley,0.2893,1.2009,0.9116,,Kent St.,0.1646,1.0679,0.9033,,Delta St.,0.0784,1.2177,1.1393,,Rhode Island Col.,0.1469,1.157,1.0101
Drew,0.2889,1.2538,0.9649,,Fla. Atlantic,0.1629,1.1997,1.0368,,Christian Brothers,0.0779,1.167,1.0891,,Maine Maritime,0.1458,1.0145,0.8687
Cornell,0.2884,1.3327,1.0443,,Baylor,0.1622,1.1997,1.0375,,Emmanuel (GA),0.0773,1.1064,1.0291,,Union (NY),0.145,1.1888,1.0438
Middle Tenn.,0.2854,1.2016,0.9162,,McNeese,0.1556,1.1124,0.9568,,Arkansas Tech,0.0724,1.058,0.9856,,St. Thomas (TX),0.1423,1.0874,0.9451
William & Mary,0.2849,1.2055,0.9206,,East Carolina,0.1549,1.0719,0.917,,Central Okla.,0.0721,1.0682,0.9961,,Illinois Col.,0.1408,0.944,0.8032
East Carolina,0.2836,1.1495,0.8659,,Stanford,0.1504,1.0926,0.9422,,Henderson St.,0.0678,1.0692,1.0014,,Utica,0.1394,1.0548,0.9154
Oregon St.,0.2777,1.294,1.0163,,Louisiana Tech,0.1436,1.2052,1.0616,,UC Merced,0.0668,1.0222,0.9554,,Claremont-M-S,0.1387,1.0761,0.9374
Purdue Fort Wayne,0.2753,1.2526,0.9773,,Loyola Chicago,0.1431,1.1154,0.9723,,Chaminade,0.066,1.1087,1.0427,,DePauw,0.1355,1.0246,0.8891
Yale,0.2698,1.2938,1.024,,Texas St.,0.1405,1.0683,0.9278,,Texas-Dallas,0.0658,1.0874,1.0216,,Hobart,0.1346,1.0671,0.9325
UNCW,0.2684,1.3221,1.0537,,Xavier,0.1404,1.1018,0.9614,,West Ala.,0.0655,1.1171,1.0516,,Rowan,0.1345,1.2119,1.0774
Oklahoma St.,0.2681,1.2278,0.9597,,Saint Mary's (CA),0.1393,1.1589,1.0196,,East Central,0.063,1.1081,1.0451,,SUNY Morrisville,0.134,0.9804,0.8464
Wyoming,0.265,1.2659,1.0009,,George Washington,0.1368,1.131,0.9942,,Minnesota St.,0.0603,1.0869,1.0266,,Baldwin Wallace,0.1309,1.1475,1.0166
Rutgers,0.2647,1.262,0.9973,,Northern Colo.,0.1347,1.1217,0.987,,Purdue Northwest,0.0599,1.1121,1.0522,,King's (PA),0.1308,1.2415,1.1107
UNC Greensboro,0.2643,1.1641,0.8998,,Virginia,0.134,1.09,0.956,,McKendree,0.0569,1.0782,1.0213,,SUNY Maritime,0.1304,1.1275,0.9971
Wake Forest,0.2612,1.0664,0.8052,,Massachusetts,0.1304,1.1212,0.9908,,Southwest Baptist,0.0561,1.1848,1.1287,,Marymount (VA),0.1302,1.096,0.9658
SMU,0.259,1.1958,0.9368,,UTEP,0.124,1.1676,1.0436,,Bridgeport,0.0552,1.1189,1.0637,,Anderson (IN),0.1275,1.23,1.1025
Washington St.,0.2578,1.1983,0.9405,,Santa Clara,0.1212,1.2327,1.1115,,Tex. Permian Basin,0.0539,1.1689,1.115,,Franklin,0.1265,1.1256,0.9991
Winthrop,0.2574,1.2513,0.9939,,ETSU,0.1137,1.146,1.0323,,UVA Wise,0.0509,1.0352,0.9843,,Mt. St. Joseph,0.1262,1.0158,0.8896
Wooster,0.2568,1.1463,0.8895,,Northwestern St.,0.1067,0.9903,0.8836,,Colo. Christian,0.0496,1.0173,0.9677,,John Carroll,0.125,1.1511,1.0261
George Mason,0.2538,1.1846,0.9308,,UNC Greensboro,0.1054,1.1031,0.9977,,Montevallo,0.0461,1.0916,1.0455,,Mitchell,0.1233,1.192,1.0687
Liberty,0.2519,1.1993,0.9474,,DePaul,0.1036,1.2296,1.126,,Carson-Newman,0.0452,1.2214,1.1762,,CCNY,0.1211,1.1824,1.0613
New Mexico,0.2514,1.2257,0.9743,,Middle Tenn.,0.1028,1.1155,1.0127,,West Tex. A&M,0.0433,1.0603,1.017,,Grinnell,0.1197,1.0946,0.9749
Wis.-Platteville,0.2446,1.2764,1.0318,,UNI,0.1006,1.1533,1.0527,,Cal State LA,0.0422,1.1074,1.0652,,Stockton,0.1197,1.029,0.9093
Vanderbilt,0.2445,1.2726,1.0281,,Nebraska,0.0965,1.0303,0.9338,,Cal Poly Humboldt,0.0415,1.0424,1.0009,,Augustana (IL),0.1142,1.0289,0.9147
UCF,0.244,1.1863,0.9423,,Davidson,0.0955,1.2144,1.1189,,Edward Waters,0.0401,1.0642,1.0241,,Randolph-Macon,0.1141,1.1297,1.0156
Fla. Atlantic,0.244,1.2549,1.0109,,Wisconsin,0.0943,1.2142,1.1199,,Ferris St.,0.0384,1.063,1.0246,,Otterbein,0.1121,1.1285,1.0164
Colorado St.,0.2364,1.2607,1.0243,,Kansas St.,0.0929,1.1499,1.057,,Union (TN),0.0351,1.0165,0.9814,,Trinity (TX),0.1116,1.0338,0.9222
Mount Union,0.234,1.3587,1.1247,,FGCU,0.0926,1.0868,0.9942,,Newman,0.0344,1.1284,1.094,,Swarthmore,0.111,1.1185,1.0075
Providence,0.2325,1.1787,0.9462,,Virginia Tech,0.0922,1.0733,0.9811,,Clarion,0.034,1.1817,1.1477,,Saint Joseph (CT),0.1109,0.9098,0.7989
Nova Southeastern,0.2317,1.2255,0.9938,,Southern California,0.0919,1.1575,1.0656,,California (PA),0.0338,1.3912,1.3574,,Transylvania,0.1101,1.359,1.2489
San Jose St.,0.2304,1.1979,0.9675,,Samford,0.0891,1.2324,1.1433,,Ark.-Fort Smith,0.0332,1.1746,1.1414,,Neumann,0.1079,1.219,1.1111
Texas A&M,0.23,1.1289,0.8989,,Creighton,0.0809,1.09,1.0091,,Chico St.,0.032,1.102,1.07,,Carnegie Mellon,0.1077,0.9197,0.812
St. Bonaventure,0.2288,1.1245,0.8957,,UCF,0.0808,1.1209,1.0401,,Edinboro,0.0305,1.0031,0.9726,,Heidelberg,0.1059,1.1944,1.0885
Montana,0.2255,1.2087,0.9832,,Lipscomb,0.0781,1.124,1.0459,,Dominican (CA),0.0288,1.0578,1.029,,Bard,0.1047,0.9374,0.8327
Fairmont St.,0.2253,1.3961,1.1708,,Boston College,0.0731,1.0609,0.9878,,Catawba,0.0286,1.1571,1.1285,,Saint John's (MN),0.1046,1.0001,0.8955
Connecticut Col.,0.2246,0.9782,0.7536,,Northeastern,0.0722,1.0171,0.9449,,Cal St. Dom. Hills,0.0285,1.1576,1.1291,,Misericordia,0.1004,1.0621,0.9617
McNeese,0.2216,1.1582,0.9366,,Princeton,0.0708,1.1773,1.1065,,Franklin Pierce,0.0257,1.1083,1.0826,,Eastern Conn. St.,0.0999,0.9202,0.8203
Drexel,0.2204,1.1653,0.9449,,Furman,0.0683,1.1053,1.037,,Fla. Southern,0.0249,1.0864,1.0615,,Brevard,0.0995,1.1752,1.0757
Kent St.,0.2188,1.0976,0.8788,,Texas,0.068,1.1555,1.0875,,Virginia Union,0.0244,0.9872,0.9628,,Monmouth (IL),0.0989,1.0558,0.9569
Northern Colo.,0.2187,1.1685,0.9498,,Washington,0.0674,0.9968,0.9294,,Wayne St. (MI),0.0239,1.3031,1.2792,,Colorado Col.,0.0978,1.1203,1.0225
Grand Canyon,0.2151,1.2953,1.0802,,Miami (FL),0.0634,1.2392,1.1758,,Point Loma,0.0207,1.1836,1.1629,,Huntingdon,0.0974,0.9924,0.895
DeSales,0.2086,1.3313,1.1227,,Hawaii,0.0588,1.1941,1.1353,,New Haven,0.0191,1.0592,1.0401,,Salve Regina,0.0962,1.0737,0.9775
SIUE,0.2079,1.0257,0.8178,,Tennessee St.,0.0542,1.0824,1.0282,,Northeastern St.,0.019,1.1611,1.1421,,North Central (MN),0.0909,1.0857,0.9948
Ill. Wesleyan,0.206,1.2018,0.9958,,California,0.0498,1.1303,1.0805,,Saginaw Valley,0.0189,1.1156,1.0967,,Westminster (PA),0.0904,1.0077,0.9173
Winona St.,0.2049,1.1813,0.9764,,Eastern Ky.,0.0498,1.0993,1.0495,,Academy of Art,0.0188,1.056,1.0372,,Plymouth St.,0.0902,0.9168,0.8266
Furman,0.2037,1.1001,0.8964,,UNCW,0.0497,1.1319,1.0822,,Newberry,0.0167,1.1309,1.1142,,Bethany (WV),0.0901,1.198,1.1079
Catholic,0.2037,1.3369,1.1332,,Rice,0.049,1.1053,1.0563,,Ga. Southwestern,0.0148,1.1293,1.1145,,Suffolk,0.0878,1.218,1.1302
Cal Lutheran,0.2004,1.0546,0.8542,,San Jose St.,0.0471,1.0916,1.0445,,Embry-Riddle (FL),0.0124,0.9824,0.97,,Centre,0.0876,1.1944,1.1068
Montclair St.,0.1996,1.3867,1.1871,,Col. of Charleston,0.047,1.0911,1.0441,,Cedarville,0.0117,1.1368,1.1251,,Pacific Lutheran,0.0846,0.9586,0.874
Washburn,0.1987,1.2299,1.0312,,Providence,0.0456,1.0493,1.0037,,Clayton St.,0.0095,1.1144,1.1049,,Central (IA),0.0843,1.2198,1.1355
Arizona St.,0.1986,1.0911,0.8925,,South Dakota,0.0409,1.1265,1.0856,,Angelo St.,0.0088,1.0399,1.0311,,Delaware Valley,0.084,1.0013,0.9173
NYU,0.1969,1.2016,1.0047,,Syracuse,0.0364,1.0441,1.0077,,Post,0.0085,1.1145,1.106,,Oberlin,0.0835,1.0342,0.9507
Alabama Huntsville,0.1968,1.249,1.0522,,Western Ky.,0.0341,0.9838,0.9497,,Limestone,0.0074,1.148,1.1406,,La Roche,0.0833,1.0966,1.0133
Millersville,0.1963,1.2863,1.09,,Kennesaw St.,0.0332,0.9922,0.959,,Stanislaus St.,0.0031,1.0671,1.064,,Hood,0.0809,1.0962,1.0153
Susquehanna,0.1944,1.1747,0.9803,,Winthrop,0.0322,1.0109,0.9787,,Okla. Christian,0.0029,1.0874,1.0845,,Western New Eng.,0.08,1.1211,1.0411
SFA,0.1911,1.1182,0.9271,,Montana,0.0317,1.062,1.0303,,Truman St.,0.0023,1.2246,1.2223,,Neb. Wesleyan,0.0796,1.0718,0.9922
Baylor,0.1911,1.2231,1.032,,South Carolina,0.0312,1.1427,1.1115,,Clark Atlanta,-0.0015,0.9557,0.9572,,Marian (WI),0.0771,1.0061,0.929
Drury,0.1891,1.0955,0.9064,,Cal Poly,0.0243,1.1847,1.1604,,Tex. A&M-Kingsville,-0.0033,0.9394,0.9427,,Elmhurst,0.0764,1.103,1.0266
Widener,0.188,1.0442,0.8562,,UT Arlington,0.0207,1.192,1.1713,,Morehouse,-0.0058,1.0955,1.1013,,Coe,0.0752,1.0757,1.0005
George Washington,0.1865,1.155,0.9685,,Purdue Fort Wayne,0.0205,1.135,1.1145,,Slippery Rock,-0.0061,0.9484,0.9545,,Johns Hopkins,0.0747,1.0472,0.9725
Trinity (CT),0.1841,1.0894,0.9053,,Missouri,0.0174,1.1554,1.138,,West Chester,-0.0084,1.0702,1.0786,,Moravian,0.0745,1.0589,0.9844
Milwaukee,0.1838,1.3205,1.1367,,N.C. A&T,0.0165,1.0998,1.0833,,Westmont,-0.0118,1.1834,1.1952,,Wabash,0.0741,1.2605,1.1864
Roanoke,0.1837,1.1675,0.9838,,A&M-Corpus Christi,0.0151,1.1667,1.1516,,Staten Island,-0.0129,1.0296,1.0425,,SUNY Oneonta,0.0737,1.2581,1.1844
Lipscomb,0.183,1.1708,0.9878,,Hofstra,0.0141,1.0096,0.9955,,Francis Marion,-0.0134,1.0413,1.0547,,Oglethorpe,0.0731,1.1291,1.056
Assumption,0.1822,1.0915,0.9093,,Grambling,0.013,0.9167,0.9037,,Glenville St.,-0.0141,1.0126,1.0267,,Olivet,0.0716,0.9424,0.8708
Minnesota,0.1818,1.0455,0.8637,,Bryant,0.0092,1.1068,1.0976,,Pittsburg St.,-0.0146,1.0559,1.0705,,Wheaton (MA),0.0705,1.0084,0.9379
Santa Clara,0.1805,1.2567,1.0762,,Arkansas St.,0.0064,1.0022,0.9958,,Claflin,-0.0157,1.2841,1.2998,,Grove City,0.069,0.9794,0.9104
Western Caro.,0.1805,1.1583,0.9778,,Norfolk St.,0.0043,1.182,1.1777,,Azusa Pacific,-0.0166,1.1064,1.123,,Framingham St.,0.0687,0.9515,0.8828
Lincoln Memorial,0.1803,1.3009,1.1206,,Fresno St.,0.0035,0.9887,0.9852,,Eastern N.M.,-0.0167,1.0081,1.0248,,Gettysburg,0.0683,1.0741,1.0058
Dominican (NY),0.1788,0.9929,0.8141,,Vermont,-0.0012,0.9953,0.9965,,Southern Conn. St.,-0.0181,1.0315,1.0496,,Spalding,0.0661,0.9436,0.8775
Wis.-La Crosse,0.1782,1.1346,0.9564,,Seton Hall,-0.0015,0.8939,0.8954,,Augustana (SD),-0.0195,1.0142,1.0337,,Wartburg,0.0659,1.2355,1.1696
Syracuse,0.1769,1.091,0.9141,,California Baptist,-0.0017,1.1254,1.1271,,Albany St. (GA),-0.0223,1.0314,1.0537,,Fitchburg St.,0.0654,1.0738,1.0084
Stanford,0.1768,1.098,0.9212,,Buffalo,-0.0034,1.1333,1.1367,,Gannon,-0.0233,1.0681,1.0914,,SUNY Brockport,0.06,1.0166,0.9566
Arkansas St.,0.1749,1.1221,0.9472,,Akron,-0.0051,1.1074,1.1125,,Mars Hill,-0.0234,0.9575,0.9809,,Sarah Lawrence,0.0587,0.9801,0.9214
Upper Iowa,0.1726,1.0453,0.8727,,Weber St.,-0.0059,0.9747,0.9806,,Trevecca Nazarene,-0.0244,0.9908,1.0152,,Crown (MN),0.0573,1.0465,0.9892
Boston College,0.1704,1.1087,0.9383,,Towson,-0.0084,0.9733,0.9817,,Indiana (PA),-0.0253,1.0516,1.0769,,Yeshiva,0.0548,1.1144,1.0596
Massachusetts,0.17,1.1375,0.9675,,Southern Utah,-0.0085,1.0149,1.0234,,Point Park,-0.0264,1.0348,1.0612,,Wis.-Oshkosh,0.0543,0.9373,0.883
Saint Mary's (CA),0.1667,1.1752,1.0085,,UAB,-0.0094,1.0956,1.105,,Allen,-0.0269,1.0303,1.0572,,Endicott,0.0529,0.9535,0.9006
FGCU,0.1659,1.1424,0.9765,,Troy,-0.0213,1.0328,1.0541,,St. Thomas Aquinas,-0.0309,0.9769,1.0078,,Buena Vista,0.0527,1.1584,1.1057
Eastern Ky.,0.1659,1.1801,1.0142,,South Alabama,-0.0244,1.009,1.0334,,Southern N.H.,-0.0335,1.0203,1.0538,,Me.-Presque Isle,0.052,0.7658,0.7138
St. Mary's (TX),0.1659,1.1002,0.9343,,UT Martin,-0.0272,0.9814,1.0086,,Central Wash.,-0.0337,0.9267,0.9604,,Bridgewater St.,0.0515,0.9557,0.9042
Swarthmore,0.1656,1.1611,0.9955,,Central Mich.,-0.0281,1.0693,1.0974,,USC Beaufort,-0.0349,1.0815,1.1164,,Puget Sound,0.048,1.1705,1.1225
A&M-Corpus Christi,0.1654,1.2214,1.056,,Wichita St.,-0.0282,1.0093,1.0375,,N.M. Highlands,-0.0354,1.235,1.2704,,UMass Dartmouth,0.0475,1.1682,1.1207
Bryant,0.165,1.214,1.049,,Drexel,-0.0285,1.0731,1.1016,,Southern Ark.,-0.036,0.9755,1.0115,,Chatham,0.0474,1.1955,1.1481
Princeton,0.1643,1.2279,1.0636,,Idaho,-0.0307,1.1357,1.1664,,Davis & Elkins,-0.039,1.0486,1.0876,,Cairn,0.0472,1.185,1.1378
Oswego St.,0.1641,1.182,1.0179,,Illinois St.,-0.0316,1.0776,1.1092,,UIndy,-0.0394,1.1654,1.2048,,Babson,0.0459,1.0867,1.0408
Norfolk St.,0.1639,1.3461,1.1822,,Southeastern La.,-0.0374,1.1697,1.2071,,Wingate,-0.0421,1.0574,1.0995,,Hardin-Simmons,0.0449,1.0929,1.048
Malone,0.1628,1.3563,1.1935,,Ga. Southern,-0.0377,0.989,1.0267,,Eckerd,-0.0424,0.948,0.9904,,U New England,0.0416,1.1081,1.0665
Xavier,0.1624,1.119,0.9566,,New Mexico St.,-0.0388,0.8445,0.8833,,Northwest Nazarene,-0.0452,0.9563,1.0015,,Clark (MA),0.0401,1.099,1.0589
Marshall,0.1585,1.1178,0.9593,,Miami (OH),-0.0401,1.0405,1.0806,,Saint Leo,-0.0454,1.0186,1.064,,Carthage,0.037,0.9393,0.9023
St. Cloud St.,0.157,1.1715,1.0145,,Abilene Christian,-0.0411,1.1505,1.1916,,West Virginia St.,-0.0475,1.0329,1.0804,,SUNY Poly,0.0345,1.2293,1.1948
Hanover,0.1569,1.3134,1.1565,,Holy Cross,-0.0415,1.1267,1.1682,,Fort Hays St.,-0.0476,1.1027,1.1503,,Capital,0.0343,1.0627,1.0284
Wis. Lutheran,0.1544,1.1538,0.9994,,Brown,-0.0418,0.9922,1.034,,Minot St.,-0.0481,1.0096,1.0577,,Lasell,0.0339,0.9831,0.9492
Campbell,0.1543,1.068,0.9137,,Loyola Maryland,-0.042,1.0774,1.1194,,San Fran. St.,-0.0548,1.0214,1.0762,,St. Lawrence,0.0332,0.8423,0.8091
Hamilton,0.154,1.1819,1.0279,,CSUN,-0.0442,1.0255,1.0697,,Lincoln (MO),-0.0582,1.0356,1.0938,,Saint Vincent,0.033,1.0877,1.0547
North Dakota St.,0.1531,1.2461,1.093,,Harvard,-0.0443,1.0476,1.0919,,Northwood,-0.0586,1.0089,1.0675,,St. John Fisher,0.032,0.9497,0.9177
Bowling Green,0.1521,1.1712,1.0191,,Queens (NC),-0.0452,0.9893,1.0345,,Wheeling,-0.0598,0.979,1.0388,,Hope,0.0302,1.0576,1.0274
New Mexico St.,0.1493,0.9398,0.7905,,Southern Ill.,-0.0456,0.937,0.9826,,Mo.-St. Louis,-0.0599,1.0032,1.0631,,Wm. Paterson,0.0301,0.945,0.9149
Kennesaw St.,0.1484,0.9966,0.8482,,The Citadel,-0.0461,0.9494,0.9955,,LeMoyne-Owen,-0.0623,1.0995,1.1618,,Carleton,0.0299,1.1473,1.1174
Dartmouth,0.1457,1.1001,0.9544,,Omaha,-0.0476,1.0405,1.0881,,Fayetteville St.,-0.0656,1.0237,1.0893,,Penn St.-Behrend,0.0295,1.1938,1.1643
Albright,0.1449,0.9724,0.8275,,Saint Peter's,-0.049,0.9046,0.9536,,Hawaii Pacific,-0.0705,0.9966,1.0671,,Baruch,0.0231,1.225,1.2019
Southwest Minn. St.,0.1446,1.2031,1.0585,,Seattle U,-0.0492,0.9835,1.0327,,Lander,-0.0731,1.13,1.2031,,Old Westbury,0.0195,0.8966,0.8771
Albion,0.1438,1.1998,1.056,,Presbyterian,-0.0503,1.1126,1.1629,,Sioux Falls,-0.0778,1.0698,1.1476,,Berea,0.0194,1.0565,1.0371
Pace,0.1435,0.9874,0.8439,,Columbia,-0.0507,1.0724,1.1231,,Jefferson,-0.0842,0.9703,1.0545,,Piedmont,0.019,1.0967,1.0777
King's (PA),0.1434,1.2041,1.0607,,Merrimack,-0.0508,0.94,0.9908,,Bloomfield,-0.0866,1.0249,1.1115,,Edgewood,0.0184,1.1536,1.1352
Wesleyan (CT),0.1407,1.0216,0.8809,,Georgia Tech,-0.0525,1.0139,1.0664,,Maryville (MO),-0.0898,1.05,1.1398,,Hiram,0.0174,1.032,1.0146
California,0.1396,1.1652,1.0256,,Bucknell,-0.0541,1.0949,1.149,,Minn.-Crookston,-0.0963,0.9703,1.0666,,Wis.-Eau Claire,0.0164,1.0595,1.0431
Wisconsin,0.1393,1.2417,1.1024,,Delaware,-0.0554,1.1056,1.161,,Barry,-0.0966,0.9661,1.0627,,Concordia-M'head,0.0144,0.8998,0.8854
Lake Erie,0.1391,1.1434,1.0043,,Idaho St.,-0.0561,1.0125,1.0686,,Neb.-Kearney,-0.0972,1.0132,1.1104,,UW-River Falls,0.0139,1.1481,1.1342
Virginia Tech,0.1387,1.0731,0.9344,,Alabama St.,-0.0563,0.9883,1.0446,,Florida Tech,-0.0974,0.9812,1.0786,,Concordia Chicago,0.0132,0.9712,0.958
East Stroudsburg,0.1373,1.0114,0.8741,,Tex. A&M-Commerce,-0.0571,1.0382,1.0953,,Simon Fraser,-0.098,0.9556,1.0536,,Linfield,0.0105,1.2594,1.2489
Trine,0.1347,1.1037,0.969,,Longwood,-0.0579,0.9659,1.0238,,West Florida,-0.1004,0.9027,1.0031,,WestConn,0.01,0.9132,0.9032
Mary Washington,0.1332,1.1968,1.0636,,Montana St.,-0.0585,1.0014,1.0599,,Northwestern Okla.,-0.1047,1.0479,1.1526,,Martin Luther,0.0098,1.0964,1.0866
Ga. Southern,0.1329,1.0637,0.9308,,Louisiana,-0.0602,1.0726,1.1328,,Adams St.,-0.1065,1.0957,1.2022,,Whitman,0.0091,0.9087,0.8996
Kalamazoo,0.1328,1.2241,1.0913,,Charlotte,-0.0612,1.2296,1.2908,,Wayne St. (NE),-0.1069,1.0817,1.1886,,Dominican (IL),0.0078,0.9647,0.9569
Northern Mich.,0.1308,1.1116,0.9808,,Western Mich.,-0.0621,1.0456,1.1077,,Elizabeth City St.,-0.1078,0.9069,1.0147,,Lehman,0.0059,0.9649,0.959
St. Thomas (MN),0.13,1.1092,0.9792,,Elon,-0.065,1.0246,1.0896,,Cameron,-0.1122,0.9353,1.0475,,SUNY Geneseo,0.0059,1.0343,1.0284
Radford,0.1297,1.188,1.0583,,Bowling Green,-0.0662,1.0391,1.1053,,Southern Wesleyan,-0.1133,0.9908,1.1041,,Carroll (WI),0.0029,1.1436,1.1407
Colgate,0.1292,1.1654,1.0362,,Coastal Carolina,-0.0663,1.0194,1.0857,,Johnson C. Smith,-0.1134,0.9849,1.0983,,Pitt.-Bradford,0.0019,1.0338,1.0319
WashU,0.1282,1.1335,1.0053,,Richmond,-0.0668,0.894,0.9608,,Savannah St.,-0.1153,0.9302,1.0455,,Lynchburg,0.0007,0.9321,0.9314
Wofford,0.1252,1.0774,0.9522,,LMU (CA),-0.0677,0.9214,0.9891,,Northwest Mo. St.,-0.1167,0.8902,1.0069,,Franciscan,-0.0014,1.0398,1.0412
Northwestern St.,0.124,0.9947,0.8707,,St. Thomas (MN),-0.0678,0.9624,1.0302,,Cal St. San Marcos,-0.1171,0.9421,1.0592,,Bridgewater (VA),-0.0024,0.9479,0.9503
Stockton,0.1231,1.0133,0.8902,,American,-0.0679,1.0437,1.1116,,Quincy,-0.1171,0.9217,1.0388,,Shenandoah,-0.0024,0.9687,0.9711
Mt. St. Joseph,0.123,1.0132,0.8902,,Marshall,-0.0696,0.9853,1.0549,,Flagler,-0.1176,0.9174,1.035,,Stevenson,-0.004,1.1113,1.1153
Nebraska,0.1229,1.0408,0.9179,,Southern Ind.,-0.0717,1.089,1.1607,,Emory & Henry,-0.1179,0.9335,1.0514,,Occidental,-0.0041,1.0499,1.054
UNI,0.1225,0.9968,0.8743,,Siena,-0.072,0.9777,1.0497,,UC-Colo. Springs,-0.1195,0.9595,1.079,,Ohio Wesleyan,-0.0049,1.2265,1.2314
Belmont,0.1218,1.3182,1.1964,,Tulane,-0.0724,0.9383,1.0107,,American Int'l,-0.1231,0.9878,1.1109,,Springfield,-0.0066,0.8802,0.8868
Michigan Tech,0.1214,1.0874,0.966,,CSU Bakersfield,-0.0732,0.9954,1.0686,,Emporia St.,-0.126,0.9987,1.1247,,Nichols,-0.0114,1.0341,1.0455
Loyola Chicago,0.1213,1.0838,0.9625,,Pepperdine,-0.0733,1.05,1.1233,,AUM,-0.129,1.0805,1.2095,,North Park,-0.0117,0.9871,0.9988
Saint Joseph's,0.1197,1.1174,0.9977,,Utah Valley,-0.0738,1.0073,1.0811,,Salem (WV),-0.1337,0.9503,1.084,,Mary Hardin-Baylor,-0.0127,1.005,1.0177
Miami (FL),0.1162,1.2723,1.1561,,Georgia St.,-0.0793,0.9564,1.0357,,Menlo,-0.1348,0.9048,1.0396,,RIT,-0.0133,1.0083,1.0216
Longwood,0.1146,1.0377,0.9231,,William & Mary,-0.0808,1.2201,1.3009,,D'Youville,-0.1375,1.1466,1.2841,,Emerson,-0.0135,1.0023,1.0158
Kansas St.,0.1135,1.1704,1.0569,,Wright St.,-0.0843,1.0816,1.1659,,Augusta,-0.1387,1.1209,1.2596,,Sewanee,-0.0143,1.0645,1.0788
North Georgia,0.1131,1.0912,0.9781,,Sacred Heart,-0.086,1.0541,1.1401,,Fort Lewis,-0.1421,0.9693,1.1114,,Millikin,-0.0145,0.9766,0.9911
Lewis,0.1121,1.3066,1.1945,,UC Davis,-0.0864,0.9255,1.0119,,Lees-McRae,-0.1453,0.9649,1.1102,,Ithaca,-0.0167,1.0306,1.0473
McKendree,0.1119,1.0825,0.9706,,Austin Peay,-0.0864,1.0192,1.1056,,Tex. A&M Int'l,-0.1488,1.0881,1.2369,,Whitworth,-0.0188,1.2234,1.2422
Southern Ind.,0.1113,1.1803,1.069,,Southern U.,-0.0912,0.9796,1.0708,,Chowan,-0.1489,1.1313,1.2802,,MIT,-0.02,1.0131,1.0331
Manchester,0.1112,1.0916,0.9804,,Army West Point,-0.0918,0.9789,1.0707,,South Dakota Mines,-0.149,0.9433,1.0923,,Maryville (TN),-0.0204,1.114,1.1344
Rowan,0.1111,1.1705,1.0594,,Missouri St.,-0.0923,0.9788,1.0711,,Chadron St.,-0.1498,1.0185,1.1683,,VTSU Castleton,-0.0221,1.0603,1.0824
Ky. Wesleyan,0.1106,1.2757,1.1651,,Hampton,-0.0924,1.0435,1.1359,,Southwestern Okla.,-0.1515,1.0329,1.1844,,Rose-Hulman,-0.0227,0.9647,0.9874
Washington,0.1092,1.0135,0.9043,,Cornell,-0.093,1.1387,1.2317,,Cal St. Monterey Bay,-0.1526,1.0989,1.2515,,Southern Va.,-0.0231,1.1953,1.2184
Ashland,0.1082,1.0854,0.9772,,Lafayette,-0.0935,0.975,1.0685,,Sonoma St.,-0.1544,1.0288,1.1832,,JWU (Providence),-0.0248,0.9328,0.9576
UMass Lowell,0.1078,1.2128,1.105,,Nicholls,-0.0952,0.9404,1.0356,,Bloomsburg,-0.1573,0.9432,1.1005,,Muskingum,-0.0257,1.0956,1.1213
Saint Peter's,0.1075,1.0563,0.9488,,UC Riverside,-0.0973,0.9625,1.0598,,Shaw,-0.161,0.9162,1.0772,,Vassar,-0.0261,1.017,1.0431
Southern California,0.1075,1.1648,1.0573,,UMass Lowell,-0.0975,1.1561,1.2536,,Mississippi Col.,-0.1638,0.9902,1.154,,Methodist,-0.0275,0.9456,0.9731
Texas,0.1066,1.1881,1.0815,,FIU,-0.1006,1.0488,1.1494,,UNC Pembroke,-0.168,0.9983,1.1663,,Eastern,-0.0279,1.0574,1.0853
Tampa,0.1064,1.2076,1.1012,,Wofford,-0.1028,0.9955,1.0983,,Jamestown,-0.1691,1.0291,1.1982,,Eureka,-0.0286,0.9855,1.0141
Charleston (WV),0.1048,1.3167,1.2119,,North Dakota St.,-0.1031,1.0793,1.1824,,Barton,-0.1714,0.9239,1.0953,,Knox,-0.0301,0.9515,0.9816
Northeastern,0.1028,1.0385,0.9357,,Ball St.,-0.1054,0.9441,1.0495,,Alas. Fairbanks,-0.1734,0.9804,1.1538,,LeTourneau,-0.0309,1.0073,1.0382
St. Anselm,0.101,1.1141,1.0131,,UMBC,-0.1066,1.0443,1.1509,,Chestnut Hill,-0.1737,0.8999,1.0736,,Purchase,-0.0336,0.9532,0.9868
Lee,0.1004,1.0884,0.988,,Pacific,-0.1074,0.9437,1.0511,,Seattle Pacific,-0.1737,1.0533,1.227,,York (PA),-0.0342,1.0564,1.0906
Creighton,0.1003,1.0921,0.9918,,Northern Ky.,-0.1083,0.8957,1.004,,King (TN),-0.1742,0.9965,1.1707,,Wittenberg,-0.0354,1.0658,1.1012
Niagara,0.0998,1.1316,1.0318,,Chattanooga,-0.1094,0.9661,1.0755,,Shippensburg,-0.175,0.9149,1.0899,,Bethel (MN),-0.0362,1.088,1.1242
Western Ky.,0.0997,1.0172,0.9175,,Jacksonville St.,-0.117,1.1113,1.2283,,Alas. Anchorage,-0.1754,0.8352,1.0106,,Hilbert,-0.0376,1.1159,1.1535
Southern Utah,0.0981,1.1038,1.0057,,Niagara,-0.118,1.022,1.14,,Spring Hill,-0.1775,1.287,1.4645,,Nazareth,-0.0402,1.0644,1.1046
Buffalo,0.0976,1.2069,1.1093,,SFA,-0.1199,0.889,1.0089,,Virginia St.,-0.1794,0.8994,1.0788,,Pacific (OR),-0.0423,0.9934,1.0357
Lenoir-Rhyne,0.0975,1.1751,1.0776,,Ohio,-0.121,1.1347,1.2557,,Central St. (OH),-0.1803,0.9692,1.1495,,Greenville,-0.0439,1.0967,1.1406
South Carolina,0.0969,1.1665,1.0696,,Jacksonville,-0.1231,0.9339,1.057,,Roberts Wesleyan,-0.1815,1.1078,1.2893,,Kenyon,-0.046,0.9411,0.9871
VMI,0.0967,1.1434,1.0467,,Maine,-0.1242,0.979,1.1032,,Ark.-Monticello,-0.1837,0.7543,0.938,,Keystone,-0.0467,1.0983,1.145
Hofstra,0.0959,1.06,0.9641,,Iona,-0.126,0.9822,1.1082,,Cal St. East Bay,-0.1898,0.8662,1.056,,UMass Boston,-0.047,1.0072,1.0542
South Dakota,0.0949,1.1489,1.054,,Georgetown,-0.1264,1.05,1.1764,,Colorado Mesa,-0.1912,1.0987,1.2899,,Luther,-0.0492,1.0397,1.0889
Saint John's (MN),0.0946,0.9919,0.8973,,Duquesne,-0.1271,0.9799,1.107,,Pitt.-Johnstown,-0.1922,1.044,1.2362,,Beloit,-0.05,1.016,1.066
Fresno St.,0.094,1.0378,0.9438,,Indiana St.,-0.1288,1.1789,1.3077,,Frostburg St.,-0.1995,0.8204,1.0199,,Millsaps,-0.0523,0.8371,0.8894
Central Mo.,0.0933,1.1717,1.0784,,Central Conn. St.,-0.1305,0.9527,1.0832,,Molloy,-0.2,1.0445,1.2445,,LaGrange,-0.0523,0.7776,0.8299
Louisiana Tech,0.0932,1.2282,1.135,,Saint Louis,-0.1317,1.066,1.1977,,Roosevelt,-0.2043,0.8304,1.0347,,Mary Baldwin,-0.0546,1.1557,1.2103
Hawaii,0.0931,1.1693,1.0762,,USC Upstate,-0.1338,1.1023,1.2361,,West Va. Wesleyan,-0.2053,0.8878,1.0931,,North Central (IL),-0.0569,1.0168,1.0737
West Liberty,0.0911,1.1066,1.0155,,App State,-0.1363,0.9724,1.1087,,Bemidji St.,-0.2086,1.0608,1.2694,,Penn College,-0.0581,0.6845,0.7426
CSU Pueblo,0.0897,1.0506,0.9609,,Milwaukee,-0.1363,1.0616,1.1979,,Converse,-0.2093,1.058,1.2673,,Cortland,-0.0587,0.9691,1.0278
Ill. Springfield,0.0875,1.1541,1.0666,,Tennessee Tech,-0.1368,0.985,1.1218,,Ohio Dominican,-0.2114,1.1138,1.3252,,Salisbury,-0.06,1.0035,1.0635
Middlebury,0.0871,1.1476,1.0605,,Eastern Wash.,-0.1374,0.9941,1.1315,,Wis.-Parkside,-0.2129,0.9002,1.1131,,Albertus Magnus,-0.0614,1.0804,1.1418
Denison,0.0867,1.0468,0.9601,,Youngstown St.,-0.1379,0.9101,1.048,,Lane,-0.2158,0.7954,1.0112,,Lebanon Valley,-0.0621,1.0673,1.1294
UT Arlington,0.0853,1.221,1.1357,,Belmont,-0.1424,1.1431,1.2855,,North Greenville,-0.2266,1.0294,1.256,,George Fox,-0.0635,1.0878,1.1513
App State,0.085,1.1217,1.0367,,San Diego,-0.143,0.8506,0.9936,,Tusculum,-0.2283,0.8373,1.0656,,Rhodes,-0.0637,0.9003,0.964
Western Mich.,0.0833,1.1386,1.0553,,South Fla.,-0.1433,1.0602,1.2035,,Saint Michael's,-0.2297,0.9307,1.1604,,Worcester St.,-0.068,1.1264,1.1944
Presbyterian,0.0829,1.1246,1.0417,,Evansville,-0.1443,0.94,1.0843,,Mansfield,-0.2361,0.9037,1.1398,,Wheaton (IL),-0.0708,1.0179,1.0887
Evansville,0.0827,1.0559,0.9732,,Cal St. Fullerton,-0.1445,1.0078,1.1523,,Western Ore.,-0.2383,0.972,1.2103,,Gustavus Adolphus,-0.0719,0.9817,1.0536
Lynn,0.0827,0.9901,0.9074,,UTRGV,-0.1488,0.9901,1.1389,,Queens (NY),-0.2388,0.8276,1.0664,,Lawrence,-0.0734,1.0891,1.1625
Holy Cross,0.082,1.1711,1.0891,,Stonehill,-0.1492,1.0811,1.2303,,Fresno Pacific,-0.2409,0.9338,1.1747,,Goucher,-0.0757,1.1329,1.2086
N.C. A&T,0.0812,1.1196,1.0384,,Utah Tech,-0.1496,0.998,1.1476,,Mary,-0.2447,1.0111,1.2558,,Lyon,-0.076,1.039,1.115
Findlay,0.0812,1.2063,1.1251,,Little Rock,-0.1533,0.9414,1.0947,,USC Aiken,-0.2482,1.1181,1.3663,,Lake Forest,-0.077,1.0739,1.1509
LMU (CA),0.081,0.9553,0.8743,,Western Ill.,-0.1535,0.9313,1.0848,,Bowie St.,-0.2493,0.8936,1.1429,,Wis.-Whitewater,-0.0795,1.059,1.1385
UAB,0.079,1.1332,1.0542,,North Florida,-0.1563,1.1379,1.2942,,Southeastern Okla.,-0.2507,1.1379,1.3886,,Benedictine (IL),-0.0807,1.157,1.2377
MSU Moorhead,0.0781,1.2301,1.152,,Western Caro.,-0.1572,0.864,1.0212,,Georgia College,-0.2564,0.7572,1.0136,,Notre Dame (MD),-0.0818,0.8753,0.9571
Youngstown St.,0.0769,1.0525,0.9756,,SIUE,-0.1575,0.8945,1.052,,Western N.M.,-0.2578,0.8169,1.0747,,Regis (MA),-0.0838,1.0964,1.1802
Lake Superior St.,0.0769,1.0802,1.0033,,Gardner-Webb,-0.1615,0.8973,1.0588,,Mo. Southern St.,-0.2608,0.9125,1.1733,,SUNY Cobleskill,-0.084,0.9712,1.0552
Biola,0.0769,1.0499,0.973,,High Point,-0.163,1.1534,1.3164,,Davenport,-0.2643,0.7956,1.0599,,Colby-Sawyer,-0.084,1.0195,1.1035
Georgia St.,0.0768,1.0246,0.9478,,Kansas City,-0.1642,0.9332,1.0974,,Western Colo.,-0.2646,1.0349,1.2995,,Clarkson,-0.0854,0.9286,1.014
UT Martin,0.0767,1.0426,0.9659,,Fordham,-0.1657,0.9854,1.1511,,Winston-Salem,-0.2651,0.9317,1.1968,,Pitt.-Greensburg,-0.0858,1.0174,1.1032
Illinois Col.,0.0766,0.951,0.8744,,Southern Miss.,-0.1661,1.0043,1.1704,,Thomas More,-0.2691,0.8658,1.1349,,Plattsburgh St.,-0.086,0.9624,1.0484
Hamline,0.0762,1.2039,1.1277,,UAlbany,-0.167,1.0114,1.1784,,Goldey-Beacom,-0.2757,0.9982,1.2739,,Concordia Wisconsin,-0.087,1.0022,1.0892
Missouri,0.0761,1.1828,1.1067,,UNC Asheville,-0.1738,1.0096,1.1834,,Wilmington (DE),-0.2789,0.9916,1.2705,,Wis.-Stout,-0.0893,1.014,1.1033
Hillsdale,0.0757,1.115,1.0393,,Eastern Ill.,-0.179,0.9596,1.1386,,Benedict,-0.2794,0.8612,1.1406,,Husson,-0.0894,0.9178,1.0072
Augustana (IL),0.0757,1.0954,1.0197,,Sacramento St.,-0.1862,0.9019,1.0881,,Lock Haven,-0.2805,0.8407,1.1212,,Buffalo St.,-0.0908,1.0746,1.1654
Long Beach St.,0.0747,1.0658,0.9911,,Colgate,-0.1869,0.9675,1.1544,,Mercy,-0.2919,0.8618,1.1537,,Norwich,-0.098,0.8452,0.9432
Rice,0.0728,1.1128,1.04,,Radford,-0.191,0.9524,1.1434,,Jessup,-0.3104,1.0348,1.3452,,Calvin,-0.0982,1.0329,1.1311
Austin Peay,0.0711,1.1454,1.0743,,Monmouth,-0.1931,0.957,1.1501,,Kutztown,-0.3128,0.9579,1.2707,,Wentworth,-0.1002,1.1951,1.2953
DePaul,0.0697,1.1556,1.0859,,Stetson,-0.1941,0.9988,1.1929,,Northern St.,-0.3293,0.8836,1.2129,,Macalester,-0.1021,0.9277,1.0298
UChicago,0.0696,1.0494,0.9798,,VMI,-0.1967,0.925,1.1217,,Sul Ross St.,-0.3471,0.8646,1.2117,,Saint Elizabeth,-0.1036,1.0681,1.1717
Marymount (VA),0.0694,1.0706,1.0012,,Green Bay,-0.2003,1.1011,1.3014,,Tiffin,-0.3589,0.7469,1.1058,,Willamette,-0.1063,0.8499,0.9562
Clark Atlanta,0.0691,1.1151,1.046,,Bellarmine,-0.2004,1.1665,1.3669,,Georgian Court,-0.3868,0.8443,1.2311,,Westfield St.,-0.1073,1.041,1.1483
Loyola Maryland,0.0688,1.1131,1.0443,,Long Beach St.,-0.2051,0.9176,1.1227,,Shorter,-0.405,1.0392,1.4442,,Wis.-Superior,-0.1116,0.9354,1.047
Sacred Heart,0.0673,1.1292,1.0619,,East Texas A&M,-0.2056,0.9143,1.1199,,P.R.-Rio Piedras,-0.4088,0.7983,1.2071,,Dallas,-0.1116,1.0045,1.1161
Anderson (IN),0.0667,1.1918,1.1251,,Denver,-0.2059,0.9313,1.1372,,Walsh,-0.4385,0.9107,1.3492,,Salem St.,-0.1135,1.0619,1.1754
Stonehill,0.0642,1.1171,1.0529,,Mercer,-0.2118,0.9298,1.1416,,Belmont Abbey,-0.4448,0.8448,1.2896,,FDU-Florham,-0.1145,0.8862,1.0007
Concordia-St. Paul,0.0631,1.2022,1.1391,,Navy,-0.2174,0.954,1.1714,,Kentucky St.,-0.4762,0.9005,1.3767,,Bethany Lutheran,-0.1162,0.9418,1.058
Illinois St.,0.0623,1.112,1.0497,,Penn,-0.223,0.9523,1.1753,,Fort Valley St.,-0.5067,0.9221,1.4288,,Thiel,-0.1162,0.9161,1.0323
Troy,0.0615,1.0634,1.0019,,Campbell,-0.223,0.9592,1.1822,,P.R.-Bayamon,-0.5122,0.9651,1.4773,,Hartford,-0.1199,0.9214,1.0413
Central Mich.,0.0603,1.1117,1.0514,,UTSA,-0.225,0.9485,1.1735,,P.R.-Mayaguez,-0.5919,0.9361,1.528,,Elizabethtown,-0.1214,1.1486,1.27
Oberlin,0.0596,1.0314,0.9718,,ULM,-0.2256,0.9612,1.1868,,Shepherd,-0.6023,0.9218,1.5241,,UMSV,-0.1218,0.9848,1.1066
Akron,0.0593,1.1376,1.0783,,Toledo,-0.2257,1.0071,1.2328,,Erskine,-0.6224,0.8129,1.4353,,Bluffton,-0.1231,1.0658,1.1889
Coastal Carolina,0.0566,1.0683,1.0117,,Quinnipiac,-0.2309,0.876,1.1069,,,,,,,Adrian,-0.1264,0.948,1.0744
Col. of Charleston,0.0563,1.0959,1.0396,,Valparaiso,-0.2325,1.0756,1.3081,,,,,,,Cornell College,-0.1286,1.006,1.1346
Franklin Pierce,0.0563,1.2226,1.1663,,Sam Houston,-0.2343,0.9968,1.2311,,,,,,,Saint Mary's (MN),-0.1338,1.0227,1.1565
Felician,0.054,1.0439,0.9899,,Boston U.,-0.2349,0.9801,1.215,,,,,,,Aurora,-0.1387,0.9685,1.1072
Palm Beach Atl.,0.0531,1.0288,0.9757,,Northern Ariz.,-0.2356,1.0306,1.2662,,,,,,,Waynesburg,-0.1392,0.9347,1.0739
Moravian,0.0528,1.0382,0.9854,,Oakland,-0.2364,0.9957,1.2321,,,,,,,St. Mary's (MD),-0.1431,1.0607,1.2038
Emory,0.0521,1.0058,0.9537,,Rider,-0.2369,0.9475,1.1844,,,,,,,Coast Guard,-0.1459,1.0169,1.1628
California Baptist,0.052,1.1656,1.1136,,Texas Southern,-0.2373,0.8924,1.1297,,,,,,,Bates,-0.1473,0.9091,1.0564
Bellarmine,0.0518,1.2502,1.1984,,Southeast Mo. St.,-0.2374,1.1038,1.3412,,,,,,,Skidmore,-0.1504,0.8776,1.028
Chaminade,0.0503,1.0689,1.0186,,Morgan St.,-0.2375,0.8912,1.1287,,,,,,,Alvernia,-0.1529,0.9815,1.1344
Centre,0.0501,1.1814,1.1313,,UIW,-0.2396,1.1484,1.388,,,,,,,McDaniel,-0.153,1.0131,1.1661
Weber St.,0.0492,0.9832,0.934,,Tulsa,-0.2469,0.9181,1.165,,,,,,,Lancaster Bible,-0.1565,0.9672,1.1237
Young Harris,0.0479,1.0107,0.9628,,Dartmouth,-0.2494,0.9216,1.171,,,,,,,Blackburn,-0.1583,1.0932,1.2515
Concord,0.0472,1.0189,0.9717,,Manhattan,-0.2512,1.0508,1.302,,,,,,,Geneva,-0.1583,0.9824,1.1407
DePauw,0.0464,0.9627,0.9163,,Detroit Mercy,-0.2541,0.8996,1.1537,,,,,,,Washington Col.,-0.1617,0.8507,1.0124
Lincoln (PA),0.0454,1.0951,1.0497,,Lamar University,-0.255,1.016,1.271,,,,,,,William Peace,-0.1618,0.7976,0.9594
Little Rock,0.0448,0.9408,0.896,,Oral Roberts,-0.2551,0.9409,1.196,,,,,,,Wash. & Lee,-0.1653,0.8715,1.0368
Bowdoin,0.0431,1.0373,0.9942,,NJIT,-0.2559,0.8944,1.1503,,,,,,,Lesley,-0.1658,0.9512,1.117
Coker,0.0425,1.2833,1.2408,,Alabama A&M,-0.2577,0.8697,1.1274,,,,,,,St. Joseph's (Brkln),-0.1678,0.877,1.0448
Hampton,0.042,1.1093,1.0673,,Mount St. Mary's,-0.2596,0.8443,1.1039,,,,,,,SUNY Delhi,-0.1681,0.9373,1.1054
Chris. Newport,0.0417,0.9922,0.9505,,Charleston So.,-0.2697,0.9171,1.1868,,,,,,,Fredonia,-0.1684,1.0255,1.1939
Holy Family,0.041,1.0292,0.9882,,North Dakota,-0.2717,1.0137,1.2854,,,,,,,Principia,-0.169,0.9515,1.1205
Bluefield St.,0.0408,1.2104,1.1696,,South Carolina St.,-0.2768,0.8376,1.1144,,,,,,,McMurry,-0.1696,0.9977,1.1673
Heidelberg,0.0406,1.1476,1.107,,N.C. Central,-0.2781,0.9366,1.2147,,,,,,,Northwestern-St. Paul,-0.1704,1.0405,1.2109
Grinnell,0.0401,1.0069,0.9668,,Cleveland St.,-0.2822,0.8607,1.1429,,,,,,,Gordon,-0.1717,0.9671,1.1388
Mont. St. Billings,0.0375,1.0662,1.0287,,Robert Morris,-0.2827,0.8646,1.1473,,,,,,,Elmira,-0.1719,0.8384,1.0103
Adelphi,0.0375,1.0918,1.0543,,Old Dominion,-0.2852,0.869,1.1542,,,,,,,Penn St. Harrisburg,-0.1727,0.9665,1.1392
Bridgewater St.,0.0357,0.9145,0.8788,,Howard,-0.2857,0.9118,1.1975,,,,,,,Texas Lutheran,-0.1761,0.9692,1.1453
Cal Poly Pomona,0.0354,0.9892,0.9538,,IU Indy,-0.286,1.161,1.447,,,,,,,Webster,-0.1774,0.8739,1.0513
Caldwell,0.0353,1.0087,0.9734,,Le Moyne,-0.2872,0.9555,1.2427,,,,,,,Penn St. Brandywine,-0.1835,0.7502,0.9337
Vanguard,0.0353,1.128,1.0927,,LIU,-0.295,0.9199,1.2149,,,,,,,Hunter,-0.1838,0.8167,1.0005
Omaha,0.0345,1.0683,1.0338,,Fairfield,-0.2975,0.8734,1.1709,,,,,,,Austin,-0.1842,0.9097,1.0939
Ohio,0.0336,1.2168,1.1832,,Marist,-0.2991,1.075,1.3741,,,,,,,Houghton,-0.189,1.0977,1.2867
Towson,0.0332,0.9911,0.9579,,Binghamton,-0.3007,0.9372,1.2379,,,,,,,Asbury,-0.1897,1.054,1.2437
Seton Hall,0.0329,0.9043,0.8714,,Portland,-0.306,0.8736,1.1796,,,,,,,Emmanuel (MA),-0.1923,0.9237,1.116
CSU Bakersfield,0.0326,1.0384,1.0058,,NIU,-0.3095,0.83,1.1395,,,,,,,Haverford,-0.1931,0.9651,1.1582
Charlotte,0.0323,1.3197,1.2874,,Saint Francis,-0.3133,0.9753,1.2886,,,,,,,Alfred,-0.1938,0.877,1.0708
Green Bay,0.032,1.1889,1.1569,,Prairie View,-0.3143,1.0408,1.3551,,,,,,,East. Mennonite,-0.204,1.0331,1.2371
Idaho,0.0306,1.1491,1.1185,,Air Force,-0.3155,0.8487,1.1642,,,,,,,Greensboro,-0.2041,0.9056,1.1097
Rensselaer,0.0305,0.9479,0.9174,,Florida A&M,-0.3158,0.9238,1.2396,,,,,,,Fontbonne,-0.2067,0.9942,1.2009
Edinboro,0.0264,1.0252,0.9988,,Bethune-Cookman,-0.3176,0.9128,1.2304,,,,,,,Allegheny,-0.2076,1.0488,1.2564
Delta St.,0.0264,1.1439,1.1175,,Alcorn,-0.3201,0.9152,1.2353,,,,,,,IIT,-0.21,1.0077,1.2177
Seton Hill,0.0257,0.8925,0.8668,,Portland St.,-0.3225,1.0314,1.3539,,,,,,,Anna Maria,-0.2106,0.9235,1.1341
Pacific,0.0248,1.0441,1.0193,,Mercyhurst,-0.3312,0.886,1.2172,,,,,,,Covenant,-0.2114,0.9647,1.1761
Bucknell,0.0241,1.1488,1.1247,,Central Ark.,-0.3474,0.9393,1.2867,,,,,,,Hartwick,-0.2216,1.005,1.2266
CUI,0.0238,1.1005,1.0767,,Delaware St.,-0.3485,0.8384,1.1869,,,,,,,Berry,-0.2274,1.0733,1.3007
St. Thomas (TX),0.0231,1.0145,0.9914,,West Ga.,-0.349,0.9049,1.2539,,,,,,,St. Norbert,-0.2291,1.0561,1.2852
Utica,0.0227,0.9997,0.977,,Eastern Mich.,-0.3495,0.865,1.2145,,,,,,,Pratt,-0.2308,0.8431,1.0739
Henderson St.,0.0213,1.094,1.0727,,Morehead St.,-0.3656,0.824,1.1896,,,,,,,Howard Payne,-0.2314,0.93,1.1614
Catawba,0.0212,1.052,1.0308,,FDU,-0.3686,0.9999,1.3685,,,,,,,Brooklyn,-0.2405,0.8167,1.0572
Brown,0.0196,1.02,1.0004,,New Hampshire,-0.3751,0.8328,1.2079,,,,,,,Mount Aloysius,-0.2414,1.0016,1.243
Rogers St.,0.0195,1.1819,1.1624,,Chicago St.,-0.3768,0.832,1.2088,,,,,,,Wilson,-0.2433,1.0438,1.2871
Vermont,0.0193,1.0103,0.991,,Tarleton St.,-0.3901,0.8412,1.2313,,,,,,,Concordia (TX),-0.2444,1.0466,1.291
Fla. Southern,0.0193,1.0797,1.0604,,Houston Christian,-0.3918,0.8401,1.2319,,,,,,,Thomas (ME),-0.2456,0.8556,1.1012
Midwestern St.,0.0187,1.0535,1.0348,,New Orleans,-0.3958,0.8219,1.2177,,,,,,,Dickinson,-0.2475,1.0523,1.2998
Ohio Northern,0.018,1.1089,1.0909,,Coppin St.,-0.4123,0.7224,1.1347,,,,,,,St. Scholastica,-0.2483,1.0594,1.3077
Lafayette,0.0156,1.0484,1.0328,,Stony Brook,-0.4145,0.9012,1.3157,,,,,,,St. Olaf,-0.2489,0.8925,1.1414
CSUN,0.0149,1.0559,1.041,,Jackson St.,-0.4201,0.8307,1.2508,,,,,,,Rutgers-Camden,-0.2495,0.9721,1.2216
Merrimack,0.0145,0.9719,0.9574,,Lindenwood,-0.4323,0.8689,1.3012,,,,,,,Valley Forge,-0.2517,0.8513,1.103
Black Hills St.,0.0142,1.0272,1.013,,UMES,-0.4334,0.8532,1.2866,,,,,,,SUNY Potsdam,-0.2544,1.019,1.2734
John Carroll,0.0141,1.1092,1.0951,,Wagner,-0.4438,0.7402,1.184,,,,,,,Warren Wilson,-0.2546,0.9507,1.2053
South Alabama,0.0139,1.0243,1.0104,,Canisius,-0.4581,0.9745,1.4326,,,,,,,New England Col.,-0.2591,1.0126,1.2717
Olivet,0.0134,0.9849,0.9715,,Ark.-Pine Bluff,-0.5059,0.9356,1.4415,,,,,,,Keuka,-0.2592,0.9891,1.2483
Harvard,0.0133,1.064,1.0507,,Mississippi Val.,-0.5381,0.7201,1.2582,,,,,,,Lakeland,-0.2596,0.9857,1.2453
Duquesne,0.0132,0.9583,0.9451,,Lehigh,-0.556,0.8722,1.4282,,,,,,,Penn St.-Altoona,-0.262,0.9357,1.1977
California (PA),0.0114,1.1556,1.1442,,,,,,,,,,,,Lycoming,-0.2632,1.0233,1.2865
Grambling,0.0112,0.9201,0.9089,,,,,,,,,,,,Centenary (NJ),-0.2656,0.9893,1.2549
Ball St.,0.0108,0.972,0.9612,,,,,,,,,,,,Messiah,-0.269,0.8046,1.0736
Pitt.-Bradford,0.01,1.2008,1.1908,,,,,,,,,,,,Arcadia,-0.273,0.909,1.182
Westminster (PA),0.0089,0.9724,0.9635,,,,,,,,,,,,Minn.-Morris,-0.2732,0.9349,1.2081
Central (IA),0.0084,1.1723,1.1639,,,,,,,,,,,,Rosemont,-0.2743,0.7502,1.0245
Missouri Western,0.0083,1.0614,1.0531,,,,,,,,,,,,Augsburg,-0.2779,0.868,1.1459
Anderson (SC),0.0075,1.0799,1.0724,,,,,,,,,,,,Ripon,-0.2781,0.756,1.0341
Wichita St.,0.0069,1.0778,1.0709,,,,,,,,,,,,East Tex. Baptist,-0.2827,1.005,1.2877
UVA Wise,0.0041,1.0423,1.0382,,,,,,,,,,,,Alma,-0.2838,0.9648,1.2486
USC Upstate,0.0029,1.1246,1.1217,,,,,,,,,,,,Wilmington (OH),-0.3005,0.8326,1.1331
Me.-Presque Isle,0.0029,0.9352,0.9323,,,,,,,,,,,,Pfeiffer,-0.3052,0.89,1.1952
Clark (MA),0.0025,1.0958,1.0933,,,,,,,,,,,,Muhlenberg,-0.3065,0.9511,1.2576
Montana St.,0.0011,1.0454,1.0443,,,,,,,,,,,,St. Joseph's (L.I.),-0.307,0.7886,1.0956
Wis.-Oshkosh,0.0011,0.9083,0.9072,,,,,,,,,,,,Kean,-0.3109,0.9646,1.2755
Wayne St. (MI),0.0002,1.3047,1.3045,,,,,,,,,,,,Hendrix,-0.312,0.8694,1.1814
Lasell,-0.0005,0.9918,0.9923,,,,,,,,,,,,Curry,-0.3128,0.7377,1.0505
Cal Poly,-0.0006,1.1463,1.1469,,,,,,,,,,,,Juniata,-0.3153,0.7692,1.0845
Tennessee Tech,-0.0009,1.0416,1.0425,,,,,,,,,,,,Merchant Marine,-0.3235,0.8901,1.2136
Rochester (NY),-0.0024,1.0355,1.0379,,,,,,,,,,,,Westminster (MO),-0.3321,0.8243,1.1564
Neumann,-0.0026,1.0894,1.092,,,,,,,,,,,,York (NY),-0.3336,0.8717,1.2053
Bentley,-0.0035,1.1506,1.1541,,,,,,,,,,,,La Verne,-0.3448,0.9575,1.3023
Plymouth St.,-0.0035,0.9469,0.9504,,,,,,,,,,,,Maranatha Baptist,-0.3453,1.0192,1.3645
Utah Tech,-0.0036,1.0573,1.0609,,,,,,,,,,,,Southwestern (TX),-0.3569,0.7612,1.1181
Stevens,-0.0039,1.1113,1.1152,,,,,,,,,,,,Centenary (LA),-0.3598,0.8309,1.1907
UT Tyler,-0.0042,0.8555,0.8597,,,,,,,,,,,,SUNY Canton,-0.3681,0.7427,1.1108
Carthage,-0.0045,0.9334,0.9379,,,,,,,,,,,,Simpson,-0.3685,0.8535,1.222
Wright St.,-0.0046,1.1355,1.1401,,,,,,,,,,,,Alfred St.,-0.3807,0.9371,1.3178
Toledo,-0.0049,1.1301,1.135,,,,,,,,,,,,MCLA,-0.3849,0.9111,1.296
Delaware,-0.0052,1.1329,1.1381,,,,,,,,,,,,MUW,-0.3949,0.8217,1.2166
FIU,-0.0062,1.0395,1.0457,,,,,,,,,,,,Gallaudet,-0.4007,0.7368,1.1375
Lander,-0.0069,1.1368,1.1437,,,,,,,,,,,,Northland,-0.4026,0.7092,1.1118
Montevallo,-0.007,1.1176,1.1246,,,,,,,,,,,,Whittier,-0.4072,0.9736,1.3808
DBU,-0.0075,1.0015,1.009,,,,,,,,,,,,Carlow,-0.4124,0.813,1.2254
St. Thomas Aquinas,-0.0075,1.0579,1.0654,,,,,,,,,,,,VTSU Lyndon,-0.4158,0.8504,1.2662
Christian Brothers,-0.0081,1.0541,1.0622,,,,,,,,,,,,Bryn Athyn,-0.4571,0.749,1.2061
UMBC,-0.0088,1.0318,1.0406,,,,,,,,,,,,Mt. St. Mary (NY),-0.464,0.8457,1.3097
Suffolk,-0.0093,1.0535,1.0628,,,,,,,,,,,,Caltech,-0.4714,0.8271,1.2985
Western Wash.,-0.0094,1.0603,1.0697,,,,,,,,,,,,Penn St.-Berks,-0.479,0.8311,1.3101
Brandeis,-0.0107,1.1189,1.1296,,,,,,,,,,,,Penn St.-Abington,-0.48,0.864,1.344
Tulane,-0.0114,0.9794,0.9908,,,,,,,,,,,,Immaculata,-0.4861,0.8446,1.3307
Babson,-0.0117,0.9552,0.9669,,,,,,,,,,,,Elms,-0.4896,1.0023,1.4919
South Fla.,-0.0127,1.1304,1.1431,,,,,,,,,,,,VTSU-Johnson,-0.5049,1.1136,1.6185
Saginaw Valley,-0.0129,1.0498,1.0627,,,,,,,,,,,,Earlham,-0.5053,0.9943,1.4996
New Haven,-0.0131,1.0215,1.0346,,,,,,,,,,,,Medgar Evers,-0.5781,0.7121,1.2902
Saint Joseph (CT),-0.0139,0.9863,1.0002,,,,,,,,,,,,,,,
Siena,-0.015,0.9746,0.9896,,,,,,,,,,,,,,,
Tennessee St.,-0.015,1.0365,1.0515,,,,,,,,,,,,,,,
Columbia,-0.0154,1.0931,1.1085,,,,,,,,,,,,,,,
SUNY Geneseo,-0.0156,1.0488,1.0644,,,,,,,,,,,,,,,
Wabash,-0.0158,1.2096,1.2254,,,,,,,,,,,,,,,
Tuskegee,-0.0164,1.0466,1.063,,,,,,,,,,,,,,,
Okla. Baptist,-0.0171,1.0292,1.0463,,,,,,,,,,,,,,,
Johns Hopkins,-0.0173,0.9987,1.016,,,,,,,,,,,,,,,
Crown (MN),-0.0178,0.9628,0.9806,,,,,,,,,,,,,,,
Franklin & Marshall,-0.0179,1.1045,1.1224,,,,,,,,,,,,,,,
Claflin,-0.0189,1.1173,1.1362,,,,,,,,,,,,,,,
Southern Ill.,-0.0193,0.9733,0.9926,,,,,,,,,,,,,,,
Elon,-0.0205,1.0421,1.0626,,,,,,,,,,,,,,,
Seattle U,-0.021,1.0106,1.0316,,,,,,,,,,,,,,,
Richmond,-0.0224,0.8479,0.8703,,,,,,,,,,,,,,,
Spalding,-0.0225,0.8981,0.9206,,,,,,,,,,,,,,,
Portland,-0.0228,1.0323,1.0551,,,,,,,,,,,,,,,
Trevecca Nazarene,-0.0229,0.9916,1.0145,,,,,,,,,,,,,,,
CWRU,-0.0229,1.2012,1.2241,,,,,,,,,,,,,,,
Minnesota St.,-0.0236,1.0547,1.0783,,,,,,,,,,,,,,,
Southeastern La.,-0.0238,1.1611,1.1849,,,,,,,,,,,,,,,
Coe,-0.0247,1.0198,1.0445,,,,,,,,,,,,,,,
Hobart,-0.0248,0.9658,0.9906,,,,,,,,,,,,,,,
Rhode Island Col.,-0.026,1.0634,1.0894,,,,,,,,,,,,,,,
Miami (OH),-0.0261,1.0542,1.0803,,,,,,,,,,,,,,,
Saint Louis,-0.0271,1.1175,1.1446,,,,,,,,,,,,,,,
Marietta,-0.0271,1.2208,1.2479,,,,,,,,,,,,,,,
Missouri St.,-0.0274,0.9961,1.0235,,,,,,,,,,,,,,,
Farmingdale St.,-0.0278,0.9318,0.9596,,,,,,,,,,,,,,,
Gannon,-0.0281,1.0661,1.0942,,,,,,,,,,,,,,,
Elmhurst,-0.0291,1.0369,1.066,,,,,,,,,,,,,,,
Wis.-Stevens Point,-0.0292,0.9019,0.9311,,,,,,,,,,,,,,,
Southern Miss.,-0.0295,1.0584,1.0879,,,,,,,,,,,,,,,
Indiana St.,-0.0297,1.2407,1.2704,,,,,,,,,,,,,,,
Grove City,-0.0316,0.9082,0.9398,,,,,,,,,,,,,,,
Wartburg,-0.0326,1.1866,1.2192,,,,,,,,,,,,,,,
Southern Conn. St.,-0.0339,1.0194,1.0533,,,,,,,,,,,,,,,
North Park,-0.0343,0.9683,1.0026,,,,,,,,,,,,,,,
Morgan St.,-0.035,1.0182,1.0532,,,,,,,,,,,,,,,
UIndy,-0.0351,1.1924,1.2275,,,,,,,,,,,,,,,
Wittenberg,-0.0354,1.0705,1.1059,,,,,,,,,,,,,,,
Morehouse,-0.0358,1.1159,1.1517,,,,,,,,,,,,,,,
Carnegie Mellon,-0.0358,0.9149,0.9507,,,,,,,,,,,,,,,
West Tex. A&M,-0.0365,0.9729,1.0094,,,,,,,,,,,,,,,
Ferris St.,-0.0382,0.9337,0.9719,,,,,,,,,,,,,,,
St. Lawrence,-0.0384,0.8143,0.8527,,,,,,,,,,,,,,,
Post,-0.0389,0.9911,1.03,,,,,,,,,,,,,,,
Pepperdine,-0.0395,1.0456,1.0851,,,,,,,,,,,,,,,
American,-0.0398,1.0307,1.0705,,,,,,,,,,,,,,,
LeTourneau,-0.0402,0.9896,1.0298,,,,,,,,,,,,,,,
Tex. A&M-Commerce,-0.0416,1.0388,1.0804,,,,,,,,,,,,,,,
Alabama St.,-0.0416,1.0016,1.0432,,,,,,,,,,,,,,,
Southern N.H.,-0.0422,1.0216,1.0638,,,,,,,,,,,,,,,
Georgia Tech,-0.0428,1.019,1.0618,,,,,,,,,,,,,,,
West Chester,-0.0429,1.0562,1.0991,,,,,,,,,,,,,,,
Columbus St.,-0.0431,0.9572,1.0003,,,,,,,,,,,,,,,
Southern Nazarene,-0.0436,0.8814,0.925,,,,,,,,,,,,,,,
Ouachita Baptist,-0.0437,1.0241,1.0678,,,,,,,,,,,,,,,
Ark.-Fort Smith,-0.0444,1.1133,1.1577,,,,,,,,,,,,,,,
Wilkes,-0.0453,0.9857,1.031,,,,,,,,,,,,,,,
Indiana (PA),-0.0456,1.0308,1.0764,,,,,,,,,,,,,,,
St. Joseph's (ME),-0.0471,1.1295,1.1766,,,,,,,,,,,,,,,
Georgetown,-0.0473,1.0699,1.1172,,,,,,,,,,,,,,,
Hope,-0.0474,1.0117,1.0591,,,,,,,,,,,,,,,
Dubuque,-0.0475,0.8364,0.8839,,,,,,,,,,,,,,,
Stevenson,-0.0477,1.0677,1.1154,,,,,,,,,,,,,,,
Embry-Riddle (FL),-0.048,0.9371,0.9851,,,,,,,,,,,,,,,
Tufts,-0.0489,1.0956,1.1445,,,,,,,,,,,,,,,
Neb. Wesleyan,-0.0491,0.9878,1.0369,,,,,,,,,,,,,,,
Louisiana,-0.0494,1.0744,1.1238,,,,,,,,,,,,,,,
North Central (IL),-0.0501,0.8539,0.904,,,,,,,,,,,,,,,
Glenville St.,-0.0503,1.0022,1.0525,,,,,,,,,,,,,,,
Tulsa,-0.0508,1.1005,1.1513,,,,,,,,,,,,,,,
Francis Marion,-0.0511,1.0152,1.0663,,,,,,,,,,,,,,,
Carson-Newman,-0.0512,1.0646,1.1158,,,,,,,,,,,,,,,
Tex. Permian Basin,-0.0518,0.9807,1.0325,,,,,,,,,,,,,,,
Central Okla.,-0.0522,1.0633,1.1155,,,,,,,,,,,,,,,
Hiram,-0.0525,0.9681,1.0206,,,,,,,,,,,,,,,
Hampden-Sydney,-0.0528,1.0695,1.1223,,,,,,,,,,,,,,,
Nichols,-0.0529,0.9547,1.0076,,,,,,,,,,,,,,,
North Florida,-0.0531,1.1867,1.2398,,,,,,,,,,,,,,,
Iona,-0.0551,0.9973,1.0524,,,,,,,,,,,,,,,
Idaho St.,-0.0558,1.0132,1.069,,,,,,,,,,,,,,,
Mount St. Mary's,-0.0566,0.954,1.0106,,,,,,,,,,,,,,,
St. Edward's,-0.0569,0.9792,1.0361,,,,,,,,,,,,,,,
USC Beaufort,-0.0593,1.0224,1.0817,,,,,,,,,,,,,,,
Ithaca,-0.0604,1.0015,1.0619,,,,,,,,,,,,,,,
Virginia St.,-0.0615,0.9856,1.0471,,,,,,,,,,,,,,,
Wash. & Jeff.,-0.0633,0.8707,0.934,,,,,,,,,,,,,,,
Army West Point,-0.0635,0.9899,1.0534,,,,,,,,,,,,,,,
Whitworth,-0.0646,1.2761,1.3407,,,,,,,,,,,,,,,
Wheaton (MA),-0.0652,1.01,1.0752,,,,,,,,,,,,,,,
Calvin,-0.0664,1.0913,1.1577,,,,,,,,,,,,,,,
Nicholls,-0.0667,0.9087,0.9754,,,,,,,,,,,,,,,
UMass Dartmouth,-0.068,1.1612,1.2292,,,,,,,,,,,,,,,
Central Conn. St.,-0.0685,1.0135,1.082,,,,,,,,,,,,,,,
York (PA),-0.0702,1.0357,1.1059,,,,,,,,,,,,,,,
Mo.-St. Louis,-0.0707,0.9974,1.0681,,,,,,,,,,,,,,,
MSOE,-0.0721,1.0416,1.1137,,,,,,,,,,,,,,,
Gustavus Adolphus,-0.0722,0.9794,1.0516,,,,,,,,,,,,,,,
Allen,-0.074,1.0102,1.0842,,,,,,,,,,,,,,,
Livingstone,-0.0767,0.7943,0.871,,,,,,,,,,,,,,,
Scranton,-0.077,0.8689,0.9459,,,,,,,,,,,,,,,
Maryville (MO),-0.0774,1.0572,1.1346,,,,,,,,,,,,,,,
Minn.-Crookston,-0.078,0.9068,0.9848,,,,,,,,,,,,,,,
Air Force,-0.0784,0.9902,1.0686,,,,,,,,,,,,,,,
LeMoyne-Owen,-0.0784,1.0905,1.1689,,,,,,,,,,,,,,,
Jacksonville,-0.0795,1.0037,1.0832,,,,,,,,,,,,,,,
La Roche,-0.0808,0.9308,1.0116,,,,,,,,,,,,,,,
William Jewell,-0.0818,1.1853,1.2671,,,,,,,,,,,,,,,
New Jersey City,-0.0826,0.8904,0.973,,,,,,,,,,,,,,,
North Dakota,-0.0841,1.1144,1.1985,,,,,,,,,,,,,,,
UC Riverside,-0.0843,0.9708,1.0551,,,,,,,,,,,,,,,
Mars Hill,-0.0847,0.9082,0.9929,,,,,,,,,,,,,,,
UTSA,-0.087,1.0757,1.1627,,,,,,,,,,,,,,,
Millikin,-0.0871,0.9079,0.995,,,,,,,,,,,,,,,
Eastern Wash.,-0.0872,0.9978,1.085,,,,,,,,,,,,,,,
UC Davis,-0.0876,0.9143,1.0019,,,,,,,,,,,,,,,
Eckerd,-0.0878,1.0165,1.1043,,,,,,,,,,,,,,,
Southwest Baptist,-0.0884,1.0588,1.1472,,,,,,,,,,,,,,,
Gettysburg,-0.0887,1.0346,1.1233,,,,,,,,,,,,,,,
Maine,-0.0922,1.004,1.0962,,,,,,,,,,,,,,,
Chattanooga,-0.0923,0.9609,1.0532,,,,,,,,,,,,,,,
Albertus Magnus,-0.0926,0.9134,1.006,,,,,,,,,,,,,,,
Clarion,-0.093,1.0853,1.1783,,,,,,,,,,,,,,,
Clayton St.,-0.0936,1.0012,1.0948,,,,,,,,,,,,,,,
Augustana (SD),-0.0937,0.9841,1.0778,,,,,,,,,,,,,,,
Mary Hardin-Baylor,-0.0938,0.9877,1.0815,,,,,,,,,,,,,,,
Penn St. Brandywine,-0.0939,0.951,1.0449,,,,,,,,,,,,,,,
Miles,-0.0942,1.0152,1.1094,,,,,,,,,,,,,,,
Barry,-0.0944,0.8937,0.9881,,,,,,,,,,,,,,,
Baruch,-0.095,1.1359,1.2309,,,,,,,,,,,,,,,
Transylvania,-0.0951,0.9935,1.0886,,,,,,,,,,,,,,,
Harding,-0.0955,1.1087,1.2042,,,,,,,,,,,,,,,
Chowan,-0.0961,1.1072,1.2033,,,,,,,,,,,,,,,
Northern Ky.,-0.0962,0.8994,0.9956,,,,,,,,,,,,,,,
Rose-Hulman,-0.0965,0.9401,1.0366,,,,,,,,,,,,,,,
The Citadel,-0.0979,0.9313,1.0292,,,,,,,,,,,,,,,
Stetson,-0.0982,1.0293,1.1275,,,,,,,,,,,,,,,
Berea,-0.0993,1.0036,1.1029,,,,,,,,,,,,,,,
San Diego,-0.0995,0.8741,0.9736,,,,,,,,,,,,,,,
Otterbein,-0.0997,1.0861,1.1858,,,,,,,,,,,,,,,
Southern U.,-0.1003,0.9676,1.0679,,,,,,,,,,,,,,,
Oral Roberts,-0.1003,0.9772,1.0775,,,,,,,,,,,,,,,
Newman,-0.1009,1.034,1.1349,,,,,,,,,,,,,,,
Virginia Union,-0.1019,1.0647,1.1666,,,,,,,,,,,,,,,
Minot St.,-0.1021,1.0504,1.1525,,,,,,,,,,,,,,,
Penn St. Harrisburg,-0.1029,0.9573,1.0602,,,,,,,,,,,,,,,
Averett,-0.103,1.0477,1.1507,,,,,,,,,,,,,,,
Point Park,-0.1033,0.9441,1.0474,,,,,,,,,,,,,,,
Sacramento St.,-0.1035,0.9383,1.0418,,,,,,,,,,,,,,,
Sam Houston,-0.1041,1.0403,1.1444,,,,,,,,,,,,,,,
Monmouth,-0.1052,0.9899,1.0951,,,,,,,,,,,,,,,
Emory & Henry,-0.1069,0.9304,1.0373,,,,,,,,,,,,,,,
Truman St.,-0.1071,1.1422,1.2493,,,,,,,,,,,,,,,
Jefferson,-0.1071,0.9577,1.0648,,,,,,,,,,,,,,,
West Virginia St.,-0.108,1.0325,1.1405,,,,,,,,,,,,,,,
Tusculum,-0.1081,0.963,1.0711,,,,,,,,,,,,,,,
Staten Island,-0.1094,1.0162,1.1256,,,,,,,,,,,,,,,
Slippery Rock,-0.1118,0.8839,0.9957,,,,,,,,,,,,,,,
CSUSB,-0.1121,1.0215,1.1336,,,,,,,,,,,,,,,
Oakland,-0.1123,1.0419,1.1542,,,,,,,,,,,,,,,
Wheeling,-0.1133,0.9964,1.1097,,,,,,,,,,,,,,,
Savannah St.,-0.1141,0.9345,1.0486,,,,,,,,,,,,,,,
High Point,-0.1146,1.1421,1.2567,,,,,,,,,,,,,,,
Fort Hays St.,-0.1147,1.0719,1.1866,,,,,,,,,,,,,,,
Franklin,-0.115,1.0209,1.1359,,,,,,,,,,,,,,,
Cedarville,-0.115,1.0787,1.1937,,,,,,,,,,,,,,,
WPI,-0.1159,0.8054,0.9213,,,,,,,,,,,,,,,
Benedictine (IL),-0.1159,1.1701,1.286,,,,,,,,,,,,,,,
Goldey-Beacom,-0.1161,0.9942,1.1103,,,,,,,,,,,,,,,
JWU (Providence),-0.1161,0.9544,1.0705,,,,,,,,,,,,,,,
Detroit Mercy,-0.1169,0.96,1.0769,,,,,,,,,,,,,,,
UTRGV,-0.1182,1.0123,1.1305,,,,,,,,,,,,,,,
Southern Me.,-0.1206,0.8544,0.975,,,,,,,,,,,,,,,
Carleton,-0.1206,1.0487,1.1693,,,,,,,,,,,,,,,
Saint Francis,-0.1207,1.0838,1.2045,,,,,,,,,,,,,,,
East Central,-0.121,1.0435,1.1645,,,,,,,,,,,,,,,
Gardner-Webb,-0.1232,0.9121,1.0353,,,,,,,,,,,,,,,
Saint Leo,-0.1235,0.967,1.0905,,,,,,,,,,,,,,,
Franciscan,-0.1243,0.9827,1.107,,,,,,,,,,,,,,,
Western Ill.,-0.1244,0.9815,1.1059,,,,,,,,,,,,,,,
Cal State LA,-0.1246,0.9702,1.0948,,,,,,,,,,,,,,,
Roger Williams,-0.1257,1.1459,1.2716,,,,,,,,,,,,,,,
Navy,-0.1259,1.0099,1.1358,,,,,,,,,,,,,,,
Cal St. Fullerton,-0.1263,1.0137,1.14,,,,,,,,,,,,,,,
Wayne St. (NE),-0.1272,1.102,1.2292,,,,,,,,,,,,,,,
Amherst,-0.1275,0.9725,1.1,,,,,,,,,,,,,,,
Bridgeport,-0.128,0.9563,1.0843,,,,,,,,,,,,,,,
Boston U.,-0.1282,1.0459,1.1741,,,,,,,,,,,,,,,
Wingate,-0.1301,1.0099,1.14,,,,,,,,,,,,,,,
Penn St.-Behrend,-0.1301,1.1075,1.2376,,,,,,,,,,,,,,,
West Ala.,-0.1302,1.0356,1.1658,,,,,,,,,,,,,,,
Hilbert,-0.1306,1.0269,1.1575,,,,,,,,,,,,,,,
D'Youville,-0.1313,1.0951,1.2264,,,,,,,,,,,,,,,
North Central (MN),-0.1321,1.0252,1.1573,,,,,,,,,,,,,,,
Portland St.,-0.1323,1.081,1.2133,,,,,,,,,,,,,,,
Maine Maritime,-0.1325,0.9799,1.1124,,,,,,,,,,,,,,,
Marian (WI),-0.1328,1.1029,1.2357,,,,,,,,,,,,,,,
Arkansas Tech,-0.1334,0.9835,1.1169,,,,,,,,,,,,,,,
N.C. Central,-0.1342,1.0307,1.1649,,,,,,,,,,,,,,,
East Texas A&M,-0.1355,0.9572,1.0927,,,,,,,,,,,,,,,
Luther,-0.1358,0.9822,1.118,,,,,,,,,,,,,,,
U New England,-0.1359,0.9906,1.1265,,,,,,,,,,,,,,,
Azusa Pacific,-0.1361,1.0859,1.222,,,,,,,,,,,,,,,
Wis.-Eau Claire,-0.1363,0.9783,1.1146,,,,,,,,,,,,,,,
SUNY Brockport,-0.1374,0.8344,0.9718,,,,,,,,,,,,,,,
Emmanuel (GA),-0.1384,0.9911,1.1295,,,,,,,,,,,,,,,
Buffalo St.,-0.1385,1.0603,1.1988,,,,,,,,,,,,,,,
Elizabeth City St.,-0.1387,0.9968,1.1355,,,,,,,,,,,,,,,
UW-River Falls,-0.1391,1.06,1.1991,,,,,,,,,,,,,,,
Eastern Conn. St.,-0.14,0.9735,1.1135,,,,,,,,,,,,,,,
Bridgewater (VA),-0.1404,0.9421,1.0825,,,,,,,,,,,,,,,
Alfred,-0.1424,0.7212,0.8636,,,,,,,,,,,,,,,
Pittsburg St.,-0.143,0.9915,1.1345,,,,,,,,,,,,,,,
UIW,-0.1431,1.1708,1.3139,,,,,,,,,,,,,,,
Augusta,-0.1431,1.0125,1.1556,,,,,,,,,,,,,,,
Concordia Wisconsin,-0.1439,0.9293,1.0732,,,,,,,,,,,,,,,
Chico St.,-0.1459,0.9144,1.0603,,,,,,,,,,,,,,,
Wis.-Stout,-0.1463,0.9301,1.0764,,,,,,,,,,,,,,,
Regis (CO),-0.1468,1.2619,1.4087,,,,,,,,,,,,,,,
Delaware Valley,-0.1469,0.9097,1.0566,,,,,,,,,,,,,,,
Wentworth,-0.1474,0.9242,1.0716,,,,,,,,,,,,,,,
Texas Southern,-0.1476,0.9745,1.1221,,,,,,,,,,,,,,,
RIT,-0.1485,0.9407,1.0892,,,,,,,,,,,,,,,
CCNY,-0.1491,0.9526,1.1017,,,,,,,,,,,,,,,
Elizabethtown,-0.1493,1.1168,1.2661,,,,,,,,,,,,,,,
Bethel (MN),-0.1498,0.9899,1.1397,,,,,,,,,,,,,,,
Cortland,-0.1504,0.9418,1.0922,,,,,,,,,,,,,,,
Fayetteville St.,-0.1514,1.041,1.1924,,,,,,,,,,,,,,,
Fordham,-0.1519,1.0072,1.1591,,,,,,,,,,,,,,,
UC-Colo. Springs,-0.1521,0.9426,1.0947,,,,,,,,,,,,,,,
Marist,-0.1522,1.205,1.3572,,,,,,,,,,,,,,,
Macalester,-0.1522,0.8918,1.044,,,,,,,,,,,,,,,
Colorado Col.,-0.1539,0.9653,1.1192,,,,,,,,,,,,,,,
Hawaii Pacific,-0.1542,0.9662,1.1204,,,,,,,,,,,,,,,
Wheaton (IL),-0.1544,0.9433,1.0977,,,,,,,,,,,,,,,
Gordon,-0.1545,0.9446,1.0991,,,,,,,,,,,,,,,
Denver,-0.1551,0.9228,1.0779,,,,,,,,,,,,,,,
Southern Ark.,-0.1559,0.8995,1.0554,,,,,,,,,,,,,,,
Eastern,-0.1568,1.0895,1.2463,,,,,,,,,,,,,,,
Chestnut Hill,-0.1577,0.9364,1.0941,,,,,,,,,,,,,,,
Eastern Ill.,-0.1581,0.9519,1.11,,,,,,,,,,,,,,,
Kansas City,-0.1592,0.9338,1.093,,,,,,,,,,,,,,,
Flagler,-0.1604,0.743,0.9034,,,,,,,,,,,,,,,
Mercyhurst,-0.1606,0.9454,1.106,,,,,,,,,,,,,,,
Bloomfield,-0.1608,0.936,1.0968,,,,,,,,,,,,,,,
Alas. Fairbanks,-0.161,1.0249,1.1859,,,,,,,,,,,,,,,
Penn College,-0.1611,0.7413,0.9024,,,,,,,,,,,,,,,
Bard,-0.1612,0.7878,0.949,,,,,,,,,,,,,,,
Saint Martin's,-0.1621,0.9049,1.067,,,,,,,,,,,,,,,
Aurora,-0.1629,1.1223,1.2852,,,,,,,,,,,,,,,
ULM,-0.163,0.9748,1.1378,,,,,,,,,,,,,,,
Bates,-0.1643,1.0217,1.186,,,,,,,,,,,,,,,
Winston-Salem,-0.1647,0.9814,1.1461,,,,,,,,,,,,,,,
Westminster (UT),-0.1649,1.0944,1.2593,,,,,,,,,,,,,,,
Limestone,-0.1653,1.0587,1.224,,,,,,,,,,,,,,,
USC Aiken,-0.1665,0.871,1.0375,,,,,,,,,,,,,,,
Quincy,-0.1678,0.9049,1.0727,,,,,,,,,,,,,,,
Ga. Southwestern,-0.1679,1.0177,1.1856,,,,,,,,,,,,,,,
Husson,-0.1685,0.8394,1.0079,,,,,,,,,,,,,,,
Shenandoah,-0.1715,0.8906,1.0621,,,,,,,,,,,,,,,
Salem (WV),-0.1733,0.9509,1.1242,,,,,,,,,,,,,,,
Ark.-Monticello,-0.1735,0.8555,1.029,,,,,,,,,,,,,,,
Cairn,-0.1736,1.0338,1.2074,,,,,,,,,,,,,,,
Schreiner,-0.1753,0.8607,1.036,,,,,,,,,,,,,,,
Northeastern St.,-0.1755,1.167,1.3425,,,,,,,,,,,,,,,
Rollins,-0.1756,1.1172,1.2928,,,,,,,,,,,,,,,
Bemidji St.,-0.1765,1.0994,1.2759,,,,,,,,,,,,,,,
Fontbonne,-0.1777,1.0066,1.1843,,,,,,,,,,,,,,,
Old Dominion,-0.1778,0.9024,1.0802,,,,,,,,,,,,,,,
Alvernia,-0.178,0.8901,1.0681,,,,,,,,,,,,,,,
Sioux Falls,-0.1782,1.0044,1.1826,,,,,,,,,,,,,,,
Lincoln (MO),-0.1784,0.957,1.1354,,,,,,,,,,,,,,,
Puget Sound,-0.1789,1.1306,1.3095,,,,,,,,,,,,,,,
Northwest Mo. St.,-0.1796,0.8627,1.0423,,,,,,,,,,,,,,,
Buena Vista,-0.1796,0.9578,1.1374,,,,,,,,,,,,,,,
Principia,-0.1797,0.9483,1.128,,,,,,,,,,,,,,,
Goucher,-0.1798,1.0285,1.2083,,,,,,,,,,,,,,,
Robert Morris,-0.1803,0.9168,1.0971,,,,,,,,,,,,,,,
West Florida,-0.1808,0.8805,1.0613,,,,,,,,,,,,,,,
Asbury,-0.181,1.0117,1.1927,,,,,,,,,,,,,,,
Mercer,-0.1811,0.933,1.1141,,,,,,,,,,,,,,,
VTSU Castleton,-0.184,0.8998,1.0838,,,,,,,,,,,,,,,
Bloomsburg,-0.1848,0.9443,1.1291,,,,,,,,,,,,,,,
Emporia St.,-0.185,0.9664,1.1514,,,,,,,,,,,,,,,
UNC Asheville,-0.1851,1.0054,1.1905,,,,,,,,,,,,,,,
Dominican (IL),-0.1885,0.8801,1.0686,,,,,,,,,,,,,,,
Lake Forest,-0.1899,0.9989,1.1888,,,,,,,,,,,,,,,
Northwest Nazarene,-0.1911,0.8793,1.0704,,,,,,,,,,,,,,,
UNC Pembroke,-0.1912,0.9901,1.1813,,,,,,,,,,,,,,,
Lees-McRae,-0.1914,0.9316,1.123,,,,,,,,,,,,,,,
Muskingum,-0.1914,1.0568,1.2482,,,,,,,,,,,,,,,
LIU,-0.1922,0.9228,1.115,,,,,,,,,,,,,,,
Neb.-Kearney,-0.1924,0.8864,1.0788,,,,,,,,,,,,,,,
Salem St.,-0.1925,0.9935,1.186,,,,,,,,,,,,,,,
Wis.-Parkside,-0.1929,0.9495,1.1424,,,,,,,,,,,,,,,
Cal St. Dom. Hills,-0.1939,1.0309,1.2248,,,,,,,,,,,,,,,
Northern Ariz.,-0.1941,1.0424,1.2365,,,,,,,,,,,,,,,
Charleston So.,-0.195,0.9505,1.1455,,,,,,,,,,,,,,,
Randolph,-0.195,0.9265,1.1215,,,,,,,,,,,,,,,
Penn,-0.1963,0.9634,1.1597,,,,,,,,,,,,,,,
Muhlenberg,-0.1983,0.8881,1.0864,,,,,,,,,,,,,,,
SUNY Cobleskill,-0.1985,0.8645,1.063,,,,,,,,,,,,,,,
Redlands,-0.1998,0.8817,1.0815,,,,,,,,,,,,,,,
Adams St.,-0.2,1.1151,1.3151,,,,,,,,,,,,,,,
Newberry,-0.201,0.9127,1.1137,,,,,,,,,,,,,,,
West Va. Wesleyan,-0.2011,0.9021,1.1032,,,,,,,,,,,,,,,
MSU Denver,-0.2013,0.962,1.1633,,,,,,,,,,,,,,,
Chapman,-0.2018,0.9138,1.1156,,,,,,,,,,,,,,,
Me.-Farmington,-0.2027,0.8047,1.0074,,,,,,,,,,,,,,,
Guilford,-0.2038,1.136,1.3398,,,,,,,,,,,,,,,
American Int'l,-0.204,0.9538,1.1578,,,,,,,,,,,,,,,
Texas-Dallas,-0.2041,0.9025,1.1066,,,,,,,,,,,,,,,
Wm. Paterson,-0.2047,0.888,1.0927,,,,,,,,,,,,,,,
Union (TN),-0.205,1.0126,1.2176,,,,,,,,,,,,,,,
Shippensburg,-0.2064,0.9076,1.114,,,,,,,,,,,,,,,
South Carolina St.,-0.207,0.8439,1.0509,,,,,,,,,,,,,,,
Lawrence,-0.207,0.966,1.173,,,,,,,,,,,,,,,
Concordia-M'head,-0.2071,0.8423,1.0494,,,,,,,,,,,,,,,
NJIT,-0.2084,0.9094,1.1178,,,,,,,,,,,,,,,
Dominican (CA),-0.2084,1.0226,1.231,,,,,,,,,,,,,,,
Russell Sage,-0.2085,0.9905,1.199,,,,,,,,,,,,,,,
Whitman,-0.2092,1.026,1.2352,,,,,,,,,,,,,,,
Barton,-0.2096,0.9297,1.1393,,,,,,,,,,,,,,,
Cal St. San Marcos,-0.2118,0.8772,1.089,,,,,,,,,,,,,,,
West Ga.,-0.2134,0.9714,1.1848,,,,,,,,,,,,,,,
Knox,-0.2137,0.8969,1.1106,,,,,,,,,,,,,,,
Dist. Columbia,-0.214,0.8416,1.0556,,,,,,,,,,,,,,,
Fort Lewis,-0.2162,0.9197,1.1359,,,,,,,,,,,,,,,
Point Loma,-0.2163,1.1353,1.3516,,,,,,,,,,,,,,,
Cameron,-0.2172,0.9093,1.1265,,,,,,,,,,,,,,,
Northwestern Okla.,-0.2176,0.8777,1.0953,,,,,,,,,,,,,,,
Quinnipiac,-0.2178,0.9275,1.1453,,,,,,,,,,,,,,,
Rider,-0.2187,0.955,1.1737,,,,,,,,,,,,,,,
Pitt.-Johnstown,-0.2192,1.0276,1.2468,,,,,,,,,,,,,,,
King (TN),-0.2197,0.9657,1.1854,,,,,,,,,,,,,,,
Mansfield,-0.2212,0.9317,1.1529,,,,,,,,,,,,,,,
Bethune-Cookman,-0.2222,0.9531,1.1753,,,,,,,,,,,,,,,
Claremont-M-S,-0.2236,0.7274,0.951,,,,,,,,,,,,,,,
Fredonia,-0.2243,0.886,1.1103,,,,,,,,,,,,,,,
Cal Poly Humboldt,-0.2244,0.9873,1.2117,,,,,,,,,,,,,,,
Webster,-0.2245,0.8367,1.0612,,,,,,,,,,,,,,,
Delaware St.,-0.2246,0.8746,1.0992,,,,,,,,,,,,,,,
Mitchell,-0.2274,0.9228,1.1502,,,,,,,,,,,,,,,
UAlbany,-0.2278,1.0971,1.3249,,,,,,,,,,,,,,,
Wis.-Superior,-0.2284,0.8218,1.0502,,,,,,,,,,,,,,,
MIT,-0.2299,0.8889,1.1188,,,,,,,,,,,,,,,
Southeast Mo. St.,-0.2303,1.111,1.3413,,,,,,,,,,,,,,,
Le Moyne,-0.2304,0.9913,1.2217,,,,,,,,,,,,,,,
Rockhurst,-0.2304,1.0211,1.2515,,,,,,,,,,,,,,,
Union (NY),-0.2308,1.0336,1.2644,,,,,,,,,,,,,,,
Maryville (TN),-0.2309,1.0535,1.2844,,,,,,,,,,,,,,,
Dean,-0.2315,0.781,1.0125,,,,,,,,,,,,,,,
Lycoming,-0.2319,0.9876,1.2195,,,,,,,,,,,,,,,
Lamar University,-0.2321,1.0296,1.2617,,,,,,,,,,,,,,,
Roosevelt,-0.2328,0.8002,1.033,,,,,,,,,,,,,,,
Austin,-0.235,0.7809,1.0159,,,,,,,,,,,,,,,
Prairie View,-0.2367,1.0949,1.3316,,,,,,,,,,,,,,,
Howard,-0.2388,0.95,1.1888,,,,,,,,,,,,,,,
South Dakota Mines,-0.2405,0.8748,1.1153,,,,,,,,,,,,,,,
Roberts Wesleyan,-0.2409,1.087,1.3279,,,,,,,,,,,,,,,
Saint Michael's,-0.2409,0.9247,1.1656,,,,,,,,,,,,,,,
Edgewood,-0.2414,1.1449,1.3863,,,,,,,,,,,,,,,
Alabama A&M,-0.2421,0.8857,1.1278,,,,,,,,,,,,,,,
Kean,-0.2427,0.9638,1.2065,,,,,,,,,,,,,,,
Valparaiso,-0.2428,1.0719,1.3147,,,,,,,,,,,,,,,
Manhattanville,-0.2435,1.1015,1.345,,,,,,,,,,,,,,,
Williams,-0.2439,0.8639,1.1078,,,,,,,,,,,,,,,
Keene St.,-0.2447,0.8335,1.0782,,,,,,,,,,,,,,,
Central Wash.,-0.2458,0.7904,1.0362,,,,,,,,,,,,,,,
Ohio Wesleyan,-0.2477,1.024,1.2717,,,,,,,,,,,,,,,
Clarkson,-0.2483,0.8454,1.0937,,,,,,,,,,,,,,,
Coast Guard,-0.2484,0.9482,1.1966,,,,,,,,,,,,,,,
Alas. Anchorage,-0.2492,0.8685,1.1177,,,,,,,,,,,,,,,
Salisbury,-0.2498,0.8592,1.109,,,,,,,,,,,,,,,
Davis & Elkins,-0.2501,0.939,1.1891,,,,,,,,,,,,,,,
Northwestern-St. Paul,-0.2507,1.011,1.2617,,,,,,,,,,,,,,,
IU Indy,-0.2524,1.1823,1.4347,,,,,,,,,,,,,,,
Wis.-Whitewater,-0.2553,0.947,1.2023,,,,,,,,,,,,,,,
Saint Vincent,-0.2559,0.9832,1.2391,,,,,,,,,,,,,,,
Fairfield,-0.2565,0.8847,1.1412,,,,,,,,,,,,,,,
Albany St. (GA),-0.259,0.9258,1.1848,,,,,,,,,,,,,,,
Florida A&M,-0.2599,0.9556,1.2155,,,,,,,,,,,,,,,
Manhattan,-0.2618,1.004,1.2658,,,,,,,,,,,,,,,
Missouri S&T,-0.2646,0.881,1.1456,,,,,,,,,,,,,,,
Okla. Christian,-0.2647,0.9511,1.2158,,,,,,,,,,,,,,,
Colby,-0.2665,0.9015,1.168,,,,,,,,,,,,,,,
Martin Luther,-0.2668,0.8616,1.1284,,,,,,,,,,,,,,,
McMurry,-0.2673,0.8867,1.154,,,,,,,,,,,,,,,
Sewanee,-0.2675,0.932,1.1995,,,,,,,,,,,,,,,
Fitchburg St.,-0.2688,0.9397,1.2085,,,,,,,,,,,,,,,
Yeshiva,-0.2702,0.9801,1.2503,,,,,,,,,,,,,,,
Vassar,-0.2703,0.9032,1.1735,,,,,,,,,,,,,,,
Chicago St.,-0.2706,0.8644,1.135,,,,,,,,,,,,,,,
SUNY Delhi,-0.2728,0.9306,1.2034,,,,,,,,,,,,,,,
Dallas,-0.2732,0.9656,1.2388,,,,,,,,,,,,,,,
New England Col.,-0.2736,0.8786,1.1522,,,,,,,,,,,,,,,
Salve Regina,-0.2743,0.8686,1.1429,,,,,,,,,,,,,,,
Skidmore,-0.2744,0.9035,1.1779,,,,,,,,,,,,,,,
SUNY Morrisville,-0.2762,0.7896,1.0658,,,,,,,,,,,,,,,
Molloy,-0.2777,1.0277,1.3054,,,,,,,,,,,,,,,
Carroll (WI),-0.2777,0.9456,1.2233,,,,,,,,,,,,,,,
Queens (NY),-0.2787,0.856,1.1347,,,,,,,,,,,,,,,
Waynesburg,-0.281,0.8521,1.1331,,,,,,,,,,,,,,,
Pacific Lutheran,-0.2817,0.9226,1.2043,,,,,,,,,,,,,,,
Thiel,-0.2824,0.8714,1.1538,,,,,,,,,,,,,,,
Bowie St.,-0.2837,0.8929,1.1766,,,,,,,,,,,,,,,
AUM,-0.2845,0.9605,1.245,,,,,,,,,,,,,,,
Rutgers-Newark,-0.2874,0.8741,1.1615,,,,,,,,,,,,,,,
Keuka,-0.2876,1.061,1.3486,,,,,,,,,,,,,,,
Alcorn,-0.288,0.9315,1.2195,,,,,,,,,,,,,,,
Shaw,-0.29,0.9603,1.2503,,,,,,,,,,,,,,,
Cornell College,-0.29,0.9116,1.2016,,,,,,,,,,,,,,,
Adrian,-0.2928,0.9104,1.2032,,,,,,,,,,,,,,,
Hood,-0.2931,0.9075,1.2006,,,,,,,,,,,,,,,
Tex. A&M Int'l,-0.2955,0.9422,1.2377,,,,,,,,,,,,,,,
Shepherd,-0.2983,0.9091,1.2074,,,,,,,,,,,,,,,
Norwich,-0.2984,0.8537,1.1521,,,,,,,,,,,,,,,
Southern Va.,-0.299,0.9378,1.2368,,,,,,,,,,,,,,,
Gwynedd Mercy,-0.3,0.8162,1.1162,,,,,,,,,,,,,,,
Beloit,-0.3021,0.8235,1.1256,,,,,,,,,,,,,,,
WestConn,-0.3029,0.8153,1.1182,,,,,,,,,,,,,,,
Binghamton,-0.303,0.9701,1.2731,,,,,,,,,,,,,,,
Hawaii Hilo,-0.3039,0.9359,1.2398,,,,,,,,,,,,,,,
Jamestown,-0.3051,0.9822,1.2873,,,,,,,,,,,,,,,
Converse,-0.3054,1.0097,1.3151,,,,,,,,,,,,,,,
Spring Hill,-0.3068,1.053,1.3598,,,,,,,,,,,,,,,
Academy of Art,-0.3074,0.9902,1.2976,,,,,,,,,,,,,,,
Framingham St.,-0.3076,0.7637,1.0713,,,,,,,,,,,,,,,
Cleveland St.,-0.3079,0.85,1.1579,,,,,,,,,,,,,,,
Mary,-0.308,0.9458,1.2538,,,,,,,,,,,,,,,
Alma,-0.3082,0.9597,1.2679,,,,,,,,,,,,,,,
Lewis & Clark,-0.3093,0.8516,1.1609,,,,,,,,,,,,,,,
Westmont,-0.3112,1.0809,1.3921,,,,,,,,,,,,,,,
Frostburg St.,-0.3116,0.8653,1.1769,,,,,,,,,,,,,,,
Canisius,-0.3117,1.0449,1.3566,,,,,,,,,,,,,,,
Concordia Chicago,-0.3118,0.9006,1.2124,,,,,,,,,,,,,,,
Pacific (OR),-0.3139,0.8407,1.1546,,,,,,,,,,,,,,,
NIU,-0.314,0.8474,1.1614,,,,,,,,,,,,,,,
Emerson,-0.3148,0.843,1.1578,,,,,,,,,,,,,,,
Menlo,-0.315,0.9466,1.2616,,,,,,,,,,,,,,,
Coppin St.,-0.3153,0.7578,1.0731,,,,,,,,,,,,,,,
Juniata,-0.3154,0.7956,1.111,,,,,,,,,,,,,,,
IIT,-0.3157,0.9867,1.3024,,,,,,,,,,,,,,,
Sonoma St.,-0.3158,0.9247,1.2405,,,,,,,,,,,,,,,
Seattle Pacific,-0.3165,1.0431,1.3596,,,,,,,,,,,,,,,
Tex. A&M-Kingsville,-0.3169,0.9456,1.2625,,,,,,,,,,,,,,,
Northern St.,-0.3175,0.8493,1.1668,,,,,,,,,,,,,,,
Eastern N.M.,-0.318,0.9965,1.3145,,,,,,,,,,,,,,,
St. John Fisher,-0.3196,0.8266,1.1462,,,,,,,,,,,,,,,
Southwestern Okla.,-0.3202,0.9588,1.279,,,,,,,,,,,,,,,
St. Scholastica,-0.3222,1.0586,1.3808,,,,,,,,,,,,,,,
Colby-Sawyer,-0.3228,0.8236,1.1464,,,,,,,,,,,,,,,
Ozarks (AR),-0.3235,0.7206,1.0441,,,,,,,,,,,,,,,
N.C. Wesleyan,-0.3241,0.8595,1.1836,,,,,,,,,,,,,,,
Arcadia,-0.3241,0.8558,1.1799,,,,,,,,,,,,,,,
Allegheny,-0.3244,1.006,1.3304,,,,,,,,,,,,,,,
New Hampshire,-0.3246,0.882,1.2066,,,,,,,,,,,,,,,
SUNY New Paltz,-0.3249,1.0127,1.3376,,,,,,,,,,,,,,,
San Fran. St.,-0.325,0.8362,1.1612,,,,,,,,,,,,,,,
Chatham,-0.3254,0.9219,1.2473,,,,,,,,,,,,,,,
Thomas (ME),-0.3254,0.7951,1.1205,,,,,,,,,,,,,,,
Thomas More,-0.3255,0.8671,1.1926,,,,,,,,,,,,,,,
Edward Waters,-0.3256,0.9409,1.2665,,,,,,,,,,,,,,,
Colorado Mesa,-0.3278,1.0281,1.3559,,,,,,,,,,,,,,,
Eastern Mich.,-0.3306,0.8826,1.2132,,,,,,,,,,,,,,,
Capital,-0.331,0.831,1.162,,,,,,,,,,,,,,,
Anna Maria,-0.3313,0.8712,1.2025,,,,,,,,,,,,,,,
Lesley,-0.332,0.897,1.229,,,,,,,,,,,,,,,
Endicott,-0.3333,0.8762,1.2095,,,,,,,,,,,,,,,
Bethany Lutheran,-0.3335,0.8114,1.1449,,,,,,,,,,,,,,,
Randolph-Macon,-0.3341,0.8805,1.2146,,,,,,,,,,,,,,,
Mount Olive,-0.3343,1.0954,1.4297,,,,,,,,,,,,,,,
Sarah Lawrence,-0.3345,0.7647,1.0992,,,,,,,,,,,,,,,
Georgia College,-0.336,0.7472,1.0832,,,,,,,,,,,,,,,
East Tex. Baptist,-0.3372,0.7982,1.1354,,,,,,,,,,,,,,,
New Orleans,-0.3377,0.8405,1.1782,,,,,,,,,,,,,,,
Benedict,-0.3384,0.8615,1.1999,,,,,,,,,,,,,,,
Central Ark.,-0.3391,0.9394,1.2785,,,,,,,,,,,,,,,
Lane,-0.3396,0.8098,1.1494,,,,,,,,,,,,,,,
Morehead St.,-0.3425,0.8295,1.172,,,,,,,,,,,,,,,
UMES,-0.3426,0.9231,1.2657,,,,,,,,,,,,,,,
Kutztown,-0.3427,0.9249,1.2676,,,,,,,,,,,,,,,
Southern Wesleyan,-0.3434,0.8756,1.219,,,,,,,,,,,,,,,
Lebanon Valley,-0.3438,1.028,1.3718,,,,,,,,,,,,,,,
Saint Mary's (MN),-0.3456,0.983,1.3286,,,,,,,,,,,,,,,
Ripon,-0.349,0.7188,1.0678,,,,,,,,,,,,,,,
Florida Tech,-0.3494,0.9447,1.2941,,,,,,,,,,,,,,,
Lock Haven,-0.3507,0.824,1.1747,,,,,,,,,,,,,,,
Angelo St.,-0.3515,0.9854,1.3369,,,,,,,,,,,,,,,
Northwood,-0.3515,0.7861,1.1376,,,,,,,,,,,,,,,
Lindenwood,-0.3534,0.9116,1.265,,,,,,,,,,,,,,,
Rivier,-0.3541,0.8951,1.2492,,,,,,,,,,,,,,,
Chadron St.,-0.355,0.8674,1.2224,,,,,,,,,,,,,,,
North Greenville,-0.3551,0.9166,1.2717,,,,,,,,,,,,,,,
Wagner,-0.3566,0.7941,1.1507,,,,,,,,,,,,,,,
Regis (MA),-0.3574,0.8842,1.2416,,,,,,,,,,,,,,,
Rhodes,-0.3586,0.8405,1.1991,,,,,,,,,,,,,,,
Nazareth,-0.3589,0.9137,1.2726,,,,,,,,,,,,,,,
Augsburg,-0.36,0.803,1.163,,,,,,,,,,,,,,,
Tarleton St.,-0.3606,0.8534,1.214,,,,,,,,,,,,,,,
Stony Brook,-0.3609,0.9159,1.2768,,,,,,,,,,,,,,,
Southeastern Okla.,-0.3624,1.0775,1.4399,,,,,,,,,,,,,,,
UMSV,-0.3649,0.8404,1.2053,,,,,,,,,,,,,,,
Wash. & Lee,-0.3657,0.8825,1.2482,,,,,,,,,,,,,,,
Johnson C. Smith,-0.3677,0.8099,1.1776,,,,,,,,,,,,,,,
Houston Christian,-0.3719,0.8117,1.1836,,,,,,,,,,,,,,,
Ferrum,-0.3721,1.125,1.4971,,,,,,,,,,,,,,,
Old Westbury,-0.3733,0.8364,1.2097,,,,,,,,,,,,,,,
Trinity (TX),-0.3747,0.952,1.3267,,,,,,,,,,,,,,,
Bluffton,-0.3753,0.9133,1.2886,,,,,,,,,,,,,,,
Mary Baldwin,-0.3754,0.7647,1.1401,,,,,,,,,,,,,,,
Simon Fraser,-0.3766,0.7479,1.1245,,,,,,,,,,,,,,,
Plattsburgh St.,-0.3785,0.8387,1.2172,,,,,,,,,,,,,,,
Simpson,-0.3796,0.8498,1.2294,,,,,,,,,,,,,,,
Tiffin,-0.3806,0.7735,1.1541,,,,,,,,,,,,,,,
Messiah,-0.3823,0.735,1.1173,,,,,,,,,,,,,,,
FDU,-0.3828,1.0209,1.4037,,,,,,,,,,,,,,,
Cal St. East Bay,-0.384,0.7244,1.1084,,,,,,,,,,,,,,,
Houghton,-0.3842,0.9138,1.298,,,,,,,,,,,,,,,
Wilmington (DE),-0.3845,0.9292,1.3137,,,,,,,,,,,,,,,
Howard Payne,-0.3846,0.9308,1.3154,,,,,,,,,,,,,,,
Emmanuel (MA),-0.3847,0.8589,1.2436,,,,,,,,,,,,,,,
St. Olaf,-0.3865,0.8589,1.2454,,,,,,,,,,,,,,,
UC Merced,-0.3873,0.8171,1.2044,,,,,,,,,,,,,,,
Lehman,-0.39,0.8141,1.2041,,,,,,,,,,,,,,,
Berry,-0.3904,0.9484,1.3388,,,,,,,,,,,,,,,
Notre Dame (MD),-0.3908,0.8106,1.2014,,,,,,,,,,,,,,,
Haverford,-0.3912,0.9747,1.3659,,,,,,,,,,,,,,,
UC Santa Cruz,-0.3914,0.777,1.1684,,,,,,,,,,,,,,,
Alfred St.,-0.3938,0.8241,1.2179,,,,,,,,,,,,,,,
Kenyon,-0.398,0.785,1.183,,,,,,,,,,,,,,,
Jackson St.,-0.3992,0.8395,1.2387,,,,,,,,,,,,,,,
Greensboro,-0.3995,0.8089,1.2084,,,,,,,,,,,,,,,
Mo. Southern St.,-0.403,0.7943,1.1973,,,,,,,,,,,,,,,
Lyon,-0.4066,0.8781,1.2847,,,,,,,,,,,,,,,
Ark.-Pine Bluff,-0.4091,0.9459,1.355,,,,,,,,,,,,,,,
Concordia (TX),-0.4119,0.9665,1.3784,,,,,,,,,,,,,,,
Merchant Marine,-0.4128,0.7714,1.1842,,,,,,,,,,,,,,,
Geneva,-0.413,0.8389,1.2519,,,,,,,,,,,,,,,
Stanislaus St.,-0.4131,0.7156,1.1287,,,,,,,,,,,,,,,
Huntingdon,-0.4135,0.8304,1.2439,,,,,,,,,,,,,,,
Brooklyn,-0.4137,0.7637,1.1774,,,,,,,,,,,,,,,
Greenville,-0.4194,0.946,1.3654,,,,,,,,,,,,,,,
FDU-Florham,-0.4195,0.736,1.1555,,,,,,,,,,,,,,,
UMass Boston,-0.4216,0.9205,1.3421,,,,,,,,,,,,,,,
Piedmont,-0.4235,0.9286,1.3521,,,,,,,,,,,,,,,
Wilmington (OH),-0.4236,0.8103,1.2339,,,,,,,,,,,,,,,
Curry,-0.427,0.6967,1.1237,,,,,,,,,,,,,,,
Hardin-Simmons,-0.4276,0.9036,1.3312,,,,,,,,,,,,,,,
Western N.M.,-0.4305,0.7964,1.2269,,,,,,,,,,,,,,,
Purdue Northwest,-0.4341,0.9186,1.3527,,,,,,,,,,,,,,,
Colo. Christian,-0.436,1.0519,1.4879,,,,,,,,,,,,,,,
Ohio Dominican,-0.4367,1.0928,1.5295,,,,,,,,,,,,,,,
Walsh,-0.4385,0.9107,1.3492,,,,,,,,,,,,,,,
St. Mary's (MD),-0.44,0.933,1.373,,,,,,,,,,,,,,,
Pitt.-Greensburg,-0.4411,1.0143,1.4554,,,,,,,,,,,,,,,
Rutgers-Camden,-0.4414,0.8619,1.3033,,,,,,,,,,,,,,,
Belhaven,-0.4424,0.8933,1.3357,,,,,,,,,,,,,,,
Rockford,-0.4461,1.1011,1.5472,,,,,,,,,,,,,,,
SUNY Canton,-0.447,0.9156,1.3626,,,,,,,,,,,,,,,
Lehigh,-0.4477,0.8486,1.2963,,,,,,,,,,,,,,,
Hendrix,-0.4487,0.902,1.3507,,,,,,,,,,,,,,,
Monmouth (IL),-0.4491,0.8756,1.3247,,,,,,,,,,,,,,,
SUNY Poly,-0.4515,0.8809,1.3324,,,,,,,,,,,,,,,
Elmira,-0.4542,0.8548,1.309,,,,,,,,,,,,,,,
MCLA,-0.4557,0.8179,1.2736,,,,,,,,,,,,,,,
McDaniel,-0.4565,0.8687,1.3252,,,,,,,,,,,,,,,
N.M. Highlands,-0.4567,0.8415,1.2982,,,,,,,,,,,,,,,
St. Norbert,-0.4569,0.9671,1.424,,,,,,,,,,,,,,,
SUNY Potsdam,-0.4581,0.8927,1.3508,,,,,,,,,,,,,,,
Hartford,-0.4636,0.8119,1.2755,,,,,,,,,,,,,,,
Penn St.-Altoona,-0.4702,0.8536,1.3238,,,,,,,,,,,,,,,
Wilson,-0.4706,1.0185,1.4891,,,,,,,,,,,,,,,
Elms,-0.4713,0.8838,1.3551,,,,,,,,,,,,,,,
LaGrange,-0.4734,0.6697,1.1431,,,,,,,,,,,,,,,
Ramapo,-0.4751,1.0036,1.4787,,,,,,,,,,,,,,,
William Peace,-0.4776,0.6856,1.1632,,,,,,,,,,,,,,,
Dickinson,-0.4803,0.751,1.2313,,,,,,,,,,,,,,,
Sul Ross St.,-0.4825,0.7459,1.2284,,,,,,,,,,,,,,,
Eureka,-0.4833,0.749,1.2323,,,,,,,,,,,,,,,
Whittier,-0.484,0.8051,1.2891,,,,,,,,,,,,,,,
Northland,-0.4858,0.6508,1.1366,,,,,,,,,,,,,,,
Mississippi Val.,-0.4873,0.7143,1.2016,,,,,,,,,,,,,,,
SUNY Maritime,-0.491,0.8969,1.3879,,,,,,,,,,,,,,,
Willamette,-0.4962,0.8542,1.3504,,,,,,,,,,,,,,,
Millsaps,-0.4982,0.7794,1.2776,,,,,,,,,,,,,,,
Westminster (MO),-0.499,0.7127,1.2117,,,,,,,,,,,,,,,
Mississippi Col.,-0.4997,0.8322,1.3319,,,,,,,,,,,,,,,
P.R.-Rio Piedras,-0.5029,0.7824,1.2853,,,,,,,,,,,,,,,
Brevard,-0.5062,0.8601,1.3663,,,,,,,,,,,,,,,
Blackburn,-0.5066,0.887,1.3936,,,,,,,,,,,,,,,
Texas Lutheran,-0.5077,0.7479,1.2556,,,,,,,,,,,,,,,
Linfield,-0.5117,0.826,1.3377,,,,,,,,,,,,,,,
Immaculata,-0.5123,0.834,1.3463,,,,,,,,,,,,,,,
Bethany (WV),-0.5174,0.9488,1.4662,,,,,,,,,,,,,,,
Mercy,-0.5177,0.9159,1.4336,,,,,,,,,,,,,,,
Maranatha Baptist,-0.5188,0.9436,1.4624,,,,,,,,,,,,,,,
Shorter,-0.5202,0.9637,1.4839,,,,,,,,,,,,,,,
Mount Aloysius,-0.5224,0.803,1.3254,,,,,,,,,,,,,,,
Lancaster Bible,-0.5245,0.5991,1.1236,,,,,,,,,,,,,,,
Baldwin Wallace,-0.5258,0.8987,1.4245,,,,,,,,,,,,,,,
Springfield,-0.5262,0.6553,1.1815,,,,,,,,,,,,,,,
Rosemont,-0.5266,0.6594,1.186,,,,,,,,,,,,,,,
Lynchburg,-0.5268,0.6644,1.1912,,,,,,,,,,,,,,,
East. Mennonite,-0.5305,0.9531,1.4836,,,,,,,,,,,,,,,
York (NY),-0.5318,0.6751,1.2069,,,,,,,,,,,,,,,
Erskine,-0.5379,0.777,1.3149,,,,,,,,,,,,,,,
Pfeiffer,-0.5382,0.7186,1.2568,,,,,,,,,,,,,,,
SUNY Oneonta,-0.5388,0.7428,1.2816,,,,,,,,,,,,,,,
Cal St. Monterey Bay,-0.5478,0.9453,1.4931,,,,,,,,,,,,,,,
Western Ore.,-0.5486,0.7945,1.3431,,,,,,,,,,,,,,,
Pomona-Pitzer,-0.5533,0.8021,1.3554,,,,,,,,,,,,,,,
Carlow,-0.558,0.8212,1.3792,,,,,,,,,,,,,,,
Belmont Abbey,-0.5611,0.8016,1.3627,,,,,,,,,,,,,,,
Kentucky St.,-0.5628,0.836,1.3988,,,,,,,,,,,,,,,
P.R.-Bayamon,-0.5643,0.8182,1.3825,,,,,,,,,,,,,,,
John Jay,-0.5687,0.7178,1.2865,,,,,,,,,,,,,,,
Marywood,-0.5709,0.9167,1.4876,,,,,,,,,,,,,,,
Western Colo.,-0.5709,0.8825,1.4534,,,,,,,,,,,,,,,
Westfield St.,-0.5718,0.8634,1.4352,,,,,,,,,,,,,,,
George Fox,-0.5814,0.8638,1.4452,,,,,,,,,,,,,,,
Jessup,-0.5862,0.9251,1.5113,,,,,,,,,,,,,,,
Southwestern (TX),-0.5883,0.7088,1.2971,,,,,,,,,,,,,,,
Purchase,-0.5985,0.807,1.4055,,,,,,,,,,,,,,,
Georgian Court,-0.5991,0.7411,1.3402,,,,,,,,,,,,,,,
Minn.-Morris,-0.5996,0.8622,1.4618,,,,,,,,,,,,,,,
Saint Elizabeth,-0.6012,0.8007,1.4019,,,,,,,,,,,,,,,
Western New Eng.,-0.6087,0.8019,1.4106,,,,,,,,,,,,,,,
Fort Valley St.,-0.6112,0.9382,1.5494,,,,,,,,,,,,,,,
Central St. (OH),-0.6157,0.7862,1.4019,,,,,,,,,,,,,,,
Keystone,-0.6183,0.8538,1.4721,,,,,,,,,,,,,,,
Lakeland,-0.6189,0.9683,1.5872,,,,,,,,,,,,,,,
P.R.-Mayaguez,-0.621,0.787,1.408,,,,,,,,,,,,,,,
Penn St.-Berks,-0.6317,0.7984,1.4301,,,,,,,,,,,,,,,
Hunter,-0.6511,0.6211,1.2722,,,,,,,,,,,,,,,
Covenant,-0.6561,0.7756,1.4317,,,,,,,,,,,,,,,
Oglethorpe,-0.6608,0.729,1.3898,,,,,,,,,,,,,,,
Occidental,-0.6815,0.6775,1.359,,,,,,,,,,,,,,,
Gallaudet,-0.6872,0.6821,1.3693,,,,,,,,,,,,,,,
Centenary (NJ),-0.689,0.9246,1.6136,,,,,,,,,,,,,,,
Methodist,-0.7043,0.7096,1.4139,,,,,,,,,,,,,,,
Hartwick,-0.7098,0.9515,1.6613,,,,,,,,,,,,,,,
Washington Col.,-0.7129,0.6772,1.3901,,,,,,,,,,,,,,,
Centenary (LA),-0.7138,0.6834,1.3972,,,,,,,,,,,,,,,
Davenport,-0.7178,0.5891,1.3069,,,,,,,,,,,,,,,
Misericordia,-0.7207,0.8022,1.5229,,,,,,,,,,,,,,,
St. Joseph's (L.I.),-0.7303,0.6561,1.3864,,,,,,,,,,,,,,,
Penn St.-Abington,-0.7309,0.8102,1.5411,,,,,,,,,,,,,,,
Mt. St. Mary (NY),-0.7468,0.7699,1.5167,,,,,,,,,,,,,,,
Bryn Athyn,-0.7649,0.6177,1.3826,,,,,,,,,,,,,,,
Earlham,-0.7743,0.7951,1.5694,,,,,,,,,,,,,,,
St. Joseph's (Brkln),-0.7819,0.656,1.4379,,,,,,,,,,,,,,,
La Verne,-0.7932,0.6383,1.4315,,,,,,,,,,,,,,,
Fresno Pacific,-0.7959,0.8932,1.6891,,,,,,,,,,,,,,,
Worcester St.,-0.8115,0.9238,1.7353,,,,,,,,,,,,,,,
VTSU-Johnson,-0.8262,0.8549,1.6811,,,,,,,,,,,,,,,
Valley Forge,-0.8675,0.7813,1.6488,,,,,,,,,,,,,,,
VTSU Lyndon,-0.8728,0.6916,1.5644,,,,,,,,,,,,,,,
Pratt,-0.8984,0.6104,1.5088,,,,,,,,,,,,,,,
Medgar Evers,-0.9316,0.5733,1.5049,,,,,,,,,,,,,,,
Warren Wilson,-0.9846,0.6476,1.6322,,,,,,,,,,,,,,,
Caltech,-0.9943,0.7435,1.7378,,,,,,,,,,,,,,,
MUW,-1.0703,0.5826,1.6529,,,,,,,,,,,,,,,